time_ps,coord
0.0000 4
0.0200 5
0.0400 3
0.0600 3
0.0800 3
0.1000 3
0.1200 5
0.1400 6
0.1600 3
0.1800 3
0.2000 4
0.2200 4
0.2400 4
0.2600 3
0.2800 4
0.3000 3
0.3200 3
0.3400 5
0.3600 4
0.3800 4
0.4000 4
0.4200 3
0.4400 3
0.4600 3
0.4800 4
0.5000 4
0.5200 3
0.5400 3
0.5600 4
0.5800 3
0.6000 4
0.6200 4
0.6400 4
0.6600 4
0.6800 4
0.7000 4
0.7200 4
0.7400 4
0.7600 4
0.7800 4
0.8000 3
0.8200 4
0.8400 5
0.8600 4
0.8800 4
0.9000 5
0.9200 4
0.9400 3
0.9600 4
0.9800 5
1.0000 5
1.0200 4
1.0400 5
1.0600 5
1.0800 4
1.1000 3
1.1200 3
1.1400 4
1.1600 3
1.1800 4
1.2000 3
1.2200 5
1.2400 5
1.2600 4
1.2800 3
1.3000 3
1.3200 3
1.3400 4
1.3600 4
1.3800 4
1.4000 3
1.4200 3
1.4400 4
1.4600 4
1.4800 5
1.5000 5
1.5200 5
1.5400 5
1.5600 4
1.5800 4
1.6000 4
1.6200 4
1.6400 4
1.6600 3
1.6800 3
1.7000 3
1.7200 3
1.7400 3
1.7600 3
1.7800 4
1.8000 3
1.8200 4
1.8400 4
1.8600 4
1.8800 4
1.9000 4
1.9200 4
1.9400 4
1.9600 5
1.9800 3
2.0000 3
2.0200 3
2.0400 4
2.0600 5
2.0800 4
2.1000 4
2.1200 2
2.1400 3
2.1600 3
2.1800 4
2.2000 4
2.2200 3
2.2400 3
2.2600 4
2.2800 4
2.3000 4
2.3200 3
2.3400 4
2.3600 4
2.3800 3
2.4000 4
2.4200 4
2.4400 5
2.4600 5
2.4800 4
2.5000 4
2.5200 4
2.5400 5
2.5600 4
2.5800 3
2.6000 3
2.6200 4
2.6400 5
2.6600 4
2.6800 4
2.7000 2
2.7200 5
2.7400 5
2.7600 5
2.7800 4
2.8000 4
2.8200 4
2.8400 4
2.8600 4
2.8800 5
2.9000 4
2.9200 4
2.9400 4
2.9600 5
2.9800 4
3.0000 5
3.0200 3
3.0400 3
3.0600 2
3.0800 2
3.1000 2
3.1200 4
3.1400 5
3.1600 4
3.1800 4
3.2000 4
3.2200 3
3.2400 3
3.2600 4
3.2800 4
3.3000 4
3.3200 4
3.3400 3
3.3600 4
3.3800 4
3.4000 3
3.4200 4
3.4400 3
3.4600 3
3.4800 3
3.5000 4
3.5200 5
3.5400 4
3.5600 4
3.5800 5
3.6000 3
3.6200 4
3.6400 4
3.6600 3
3.6800 3
3.7000 2
3.7200 3
3.7400 3
3.7600 3
3.7800 3
3.8000 3
3.8200 4
3.8400 4
3.8600 3
3.8800 4
3.9000 4
3.9200 3
3.9400 3
3.9600 4
3.9800 4
4.0000 4
4.0200 4
4.0400 4
4.0600 2
4.0800 2
4.1000 3
4.1200 4
4.1400 3
4.1600 3
4.1800 3
4.2000 4
4.2200 3
4.2400 3
4.2600 4
4.2800 3
4.3000 3
4.3200 2
4.3400 5
4.3600 5
4.3800 4
4.4000 3
4.4200 5
4.4400 4
4.4600 5
4.4800 5
4.5000 4
4.5200 4
4.5400 3
4.5600 3
4.5800 3
4.6000 4
4.6200 4
4.6400 3
4.6600 3
4.6800 2
4.7000 3
4.7200 5
4.7400 5
4.7600 3
4.7800 3
4.8000 3
4.8200 3
4.8400 5
4.8600 5
4.8800 4
4.9000 4
4.9200 3
4.9400 3
4.9600 3
4.9800 4
5.0000 3
5.0200 4
5.0400 4
5.0600 3
5.0800 2
5.1000 2
5.1200 4
5.1400 4
5.1600 4
5.1800 4
5.2000 3
5.2200 3
5.2400 4
5.2600 4
5.2800 4
5.3000 2
5.3200 5
5.3400 4
5.3600 4
5.3800 4
5.4000 4
5.4200 5
5.4400 4
5.4600 4
5.4800 4
5.5000 4
5.5200 3
5.5400 4
5.5600 3
5.5800 4
5.6000 3
5.6200 3
5.6400 4
5.6600 5
5.6800 4
5.7000 4
5.7200 3
5.7400 2
5.7600 3
5.7800 3
5.8000 3
5.8200 4
5.8400 4
5.8600 3
5.8800 2
5.9000 4
5.9200 5
5.9400 4
5.9600 5
5.9800 3
6.0000 3
6.0200 3
6.0400 3
6.0600 5
6.0800 4
6.1000 4
6.1200 3
6.1400 2
6.1600 2
6.1800 4
6.2000 5
6.2200 4
6.2400 4
6.2600 4
6.2800 5
6.3000 4
6.3200 4
6.3400 3
6.3600 3
6.3800 4
6.4000 5
6.4200 5
6.4400 5
6.4600 4
6.4800 4
6.5000 4
6.5200 4
6.5400 4
6.5600 4
6.5800 4
6.6000 5
6.6200 5
6.6400 5
6.6600 4
6.6800 4
6.7000 4
6.7200 5
6.7400 4
6.7600 4
6.7800 5
6.8000 5
6.8200 4
6.8400 3
6.8600 4
6.8800 4
6.9000 4
6.9200 4
6.9400 4
6.9600 4
6.9800 3
7.0000 3
7.0200 4
7.0400 4
7.0600 5
7.0800 4
7.1000 4
7.1200 3
7.1400 3
7.1600 3
7.1800 3
7.2000 5
7.2200 4
7.2400 3
7.2600 4
7.2800 4
7.3000 5
7.3200 4
7.3400 5
7.3600 3
7.3800 2
7.4000 3
7.4200 3
7.4400 3
7.4600 3
7.4800 4
7.5000 4
7.5200 4
7.5400 4
7.5600 4
7.5800 4
7.6000 5
7.6200 4
7.6400 4
7.6600 4
7.6800 4
7.7000 5
7.7200 3
7.7400 3
7.7600 3
7.7800 3
7.8000 3
7.8200 3
7.8400 2
7.8600 3
7.8800 5
7.9000 5
7.9200 5
7.9400 3
7.9600 4
7.9800 5
8.0000 5
8.0200 3
8.0400 3
8.0600 2
8.0800 4
8.1000 4
8.1200 4
8.1400 4
8.1600 4
8.1800 3
8.2000 3
8.2200 3
8.2400 4
8.2600 4
8.2800 5
8.3000 4
8.3200 4
8.3400 4
8.3600 4
8.3800 4
8.4000 3
8.4200 5
8.4400 4
8.4600 3
8.4800 4
8.5000 3
8.5200 3
8.5400 2
8.5600 3
8.5800 3
8.6000 2
8.6200 4
8.6400 4
8.6600 4
8.6800 4
8.7000 4
8.7200 5
8.7400 5
8.7600 5
8.7800 5
8.8000 5
8.8200 4
8.8400 4
8.8600 4
8.8800 5
8.9000 4
8.9200 5
8.9400 5
8.9600 4
8.9800 4
9.0000 4
9.0200 4
9.0400 4
9.0600 4
9.0800 4
9.1000 3
9.1200 4
9.1400 4
9.1600 4
9.1800 5
9.2000 5
9.2200 3
9.2400 3
9.2600 3
9.2800 3
9.3000 5
9.3200 4
9.3400 4
9.3600 5
9.3800 5
9.4000 5
9.4200 4
9.4400 3
9.4600 3
9.4800 3
9.5000 4
9.5200 6
9.5400 4
9.5600 4
9.5800 4
9.6000 4
9.6200 4
9.6400 4
9.6600 4
9.6800 4
9.7000 4
9.7200 5
9.7400 2
9.7600 3
9.7800 4
9.8000 4
9.8200 4
9.8400 2
9.8600 4
9.8800 3
9.9000 3
9.9200 3
9.9400 4
9.9600 4
9.9800 4
10.0000 4
10.0200 4
10.0400 5
10.0600 5
10.0800 5
10.1000 5
10.1200 5
10.1400 3
10.1600 4
10.1800 2
10.2000 4
10.2200 4
10.2400 4
10.2600 3
10.2800 2
10.3000 4
10.3200 5
10.3400 5
10.3600 5
10.3800 5
10.4000 6
10.4200 5
10.4400 4
10.4600 4
10.4800 4
10.5000 4
10.5200 4
10.5400 4
10.5600 4
10.5800 5
10.6000 3
10.6200 3
10.6400 3
10.6600 3
10.6800 4
10.7000 4
10.7200 4
10.7400 4
10.7600 4
10.7800 4
10.8000 4
10.8200 4
10.8400 5
10.8600 4
10.8800 3
10.9000 3
10.9200 5
10.9400 4
10.9600 4
10.9800 4
11.0000 4
11.0200 4
11.0400 4
11.0600 5
11.0800 4
11.1000 3
11.1200 4
11.1400 4
11.1600 4
11.1800 4
11.2000 3
11.2200 3
11.2400 3
11.2600 3
11.2800 3
11.3000 4
11.3200 3
11.3400 3
11.3600 3
11.3800 4
11.4000 6
11.4200 4
11.4400 4
11.4600 2
11.4800 2
11.5000 4
11.5200 4
11.5400 4
11.5600 3
11.5800 4
11.6000 3
11.6200 5
11.6400 5
11.6600 4
11.6800 3
11.7000 3
11.7200 3
11.7400 4
11.7600 4
11.7800 4
11.8000 3
11.8200 3
11.8400 5
11.8600 4
11.8800 4
11.9000 4
11.9200 4
11.9400 4
11.9600 4
11.9800 4
12.0000 5
12.0200 4
12.0400 5
12.0600 4
12.0800 3
12.1000 4
12.1200 4
12.1400 4
12.1600 4
12.1800 4
12.2000 5
12.2200 5
12.2400 4
12.2600 5
12.2800 5
12.3000 5
12.3200 5
12.3400 5
12.3600 5
12.3800 5
12.4000 5
12.4200 5
12.4400 5
12.4600 4
12.4800 4
12.5000 4
12.5200 5
12.5400 3
12.5600 3
12.5800 4
12.6000 4
12.6200 5
12.6400 4
12.6600 4
12.6800 4
12.7000 3
12.7200 3
12.7400 3
12.7600 3
12.7800 4
12.8000 4
12.8200 4
12.8400 4
12.8600 4
12.8800 4
12.9000 3
12.9200 2
12.9400 3
12.9600 2
12.9800 3
13.0000 4
13.0200 3
13.0400 3
13.0600 3
13.0800 3
13.1000 3
13.1200 3
13.1400 4
13.1600 5
13.1800 5
13.2000 5
13.2200 5
13.2400 4
13.2600 4
13.2800 5
13.3000 5
13.3200 4
13.3400 2
13.3600 5
13.3800 4
13.4000 4
13.4200 4
13.4400 4
13.4600 4
13.4800 4
13.5000 4
13.5200 3
13.5400 2
13.5600 3
13.5800 3
13.6000 3
13.6200 2
13.6400 3
13.6600 4
13.6800 3
13.7000 3
13.7200 4
13.7400 5
13.7600 5
13.7800 4
13.8000 4
13.8200 3
13.8400 4
13.8600 4
13.8800 4
13.9000 3
13.9200 4
13.9400 4
13.9600 4
13.9800 4
14.0000 5
14.0200 5
14.0400 4
14.0600 4
14.0800 4
14.1000 3
14.1200 3
14.1400 3
14.1600 4
14.1800 4
14.2000 3
14.2200 2
14.2400 1
14.2600 3
14.2800 4
14.3000 4
14.3200 4
14.3400 2
14.3600 3
14.3800 5
14.4000 4
14.4200 4
14.4400 4
14.4600 3
14.4800 2
14.5000 5
14.5200 4
14.5400 4
14.5600 4
14.5800 4
14.6000 5
14.6200 5
14.6400 5
14.6600 5
14.6800 2
14.7000 3
14.7200 4
14.7400 4
14.7600 4
14.7800 3
14.8000 3
14.8200 4
14.8400 5
14.8600 5
14.8800 5
14.9000 5
14.9200 4
14.9400 4
14.9600 4
14.9800 5
15.0000 5
15.0200 5
15.0400 4
15.0600 2
15.0800 4
15.1000 5
15.1200 4
15.1400 4
15.1600 4
15.1800 4
15.2000 3
15.2200 5
15.2400 3
15.2600 4
15.2800 4
15.3000 5
15.3200 5
15.3400 5
15.3600 5
15.3800 4
15.4000 3
15.4200 3
15.4400 4
15.4600 6
15.4800 4
15.5000 4
15.5200 4
15.5400 4
15.5600 3
15.5800 4
15.6000 4
15.6200 4
15.6400 4
15.6600 4
15.6800 3
15.7000 3
15.7200 4
15.7400 5
15.7600 4
15.7800 4
15.8000 4
15.8200 4
15.8400 4
15.8600 4
15.8800 5
15.9000 4
15.9200 4
15.9400 5
15.9600 5
15.9800 5
16.0000 4
16.0200 2
16.0400 4
16.0600 5
16.0800 5
16.1000 4
16.1200 5
16.1400 4
16.1600 4
16.1800 4
16.2000 4
16.2200 3
16.2400 3
16.2600 4
16.2800 3
16.3000 4
16.3200 4
16.3400 4
16.3600 3
16.3800 3
16.4000 4
16.4200 3
16.4400 3
16.4600 4
16.4800 3
16.5000 4
16.5200 4
16.5400 4
16.5600 4
16.5800 4
16.6000 4
16.6200 5
16.6400 5
16.6600 5
16.6800 3
16.7000 4
16.7200 4
16.7400 4
16.7600 3
16.7800 4
16.8000 4
16.8200 4
16.8400 6
16.8600 5
16.8800 4
16.9000 3
16.9200 5
16.9400 5
16.9600 5
16.9800 5
17.0000 6
17.0200 3
17.0400 5
17.0600 5
17.0800 5
17.1000 4
17.1200 3
17.1400 2
17.1600 3
17.1800 3
17.2000 3
17.2200 6
17.2400 5
17.2600 4
17.2800 3
17.3000 4
17.3200 4
17.3400 5
17.3600 5
17.3800 5
17.4000 4
17.4200 4
17.4400 3
17.4600 4
17.4800 4
17.5000 5
17.5200 3
17.5400 4
17.5600 3
17.5800 2
17.6000 3
17.6200 3
17.6400 4
17.6600 4
17.6800 4
17.7000 3
17.7200 4
17.7400 4
17.7600 5
17.7800 4
17.8000 2
17.8200 3
17.8400 5
17.8600 3
17.8800 4
17.9000 4
17.9200 3
17.9400 3
17.9600 2
17.9800 4
18.0000 4
18.0200 5
18.0400 5
18.0600 4
18.0800 5
18.1000 3
18.1200 3
18.1400 3
18.1600 5
18.1800 4
18.2000 5
18.2200 4
18.2400 5
18.2600 4
18.2800 4
18.3000 4
18.3200 3
18.3400 5
18.3600 5
18.3800 5
18.4000 5
18.4200 6
18.4400 5
18.4600 5
18.4800 6
18.5000 5
18.5200 3
18.5400 4
18.5600 4
18.5800 6
18.6000 6
18.6200 6
18.6400 5
18.6600 3
18.6800 4
18.7000 4
18.7200 5
18.7400 5
18.7600 5
18.7800 4
18.8000 4
18.8200 5
18.8400 5
18.8600 4
18.8800 4
18.9000 4
18.9200 2
18.9400 3
18.9600 3
18.9800 3
19.0000 3
19.0200 5
19.0400 4
19.0600 4
19.0800 4
19.1000 5
19.1200 4
19.1400 4
19.1600 5
19.1800 4
19.2000 4
19.2200 3
19.2400 3
19.2600 2
19.2800 4
19.3000 5
19.3200 4
19.3400 4
19.3600 4
19.3800 4
19.4000 4
19.4200 4
19.4400 4
19.4600 3
19.4800 3
19.5000 4
19.5200 3
19.5400 3
19.5600 4
19.5800 4
19.6000 4
19.6200 4
19.6400 5
19.6600 4
19.6800 4
19.7000 4
19.7200 4
19.7400 4
19.7600 3
19.7800 5
19.8000 5
19.8200 4
19.8400 4
19.8600 4
19.8800 3
19.9000 5
19.9200 5
19.9400 4
19.9600 4
19.9800 4
20.0000 2
20.0200 3
20.0400 3
20.0600 4
20.0800 5
20.1000 5
20.1200 4
20.1400 3
20.1600 4
20.1800 5
20.2000 4
20.2200 4
20.2400 5
20.2600 5
20.2800 3
20.3000 3
20.3200 4
20.3400 4
20.3600 3
20.3800 3
20.4000 5
20.4200 6
20.4400 6
20.4600 5
20.4800 5
20.5000 5
20.5200 5
20.5400 5
20.5600 6
20.5800 5
20.6000 4
20.6200 4
20.6400 4
20.6600 5
20.6800 3
20.7000 3
20.7200 4
20.7400 3
20.7600 3
20.7800 5
20.8000 4
20.8200 5
20.8400 4
20.8600 4
20.8800 4
20.9000 4
20.9200 4
20.9400 5
20.9600 3
20.9800 1
21.0000 4
21.0200 4
21.0400 4
21.0600 5
21.0800 3
21.1000 3
21.1200 3
21.1400 3
21.1600 6
21.1800 5
21.2000 4
21.2200 3
21.2400 3
21.2600 4
21.2800 4
21.3000 5
21.3200 5
21.3400 3
21.3600 3
21.3800 3
21.4000 3
21.4200 4
21.4400 5
21.4600 6
21.4800 5
21.5000 4
21.5200 4
21.5400 4
21.5600 4
21.5800 5
21.6000 5
21.6200 5
21.6400 3
21.6600 3
21.6800 4
21.7000 3
21.7200 4
21.7400 3
21.7600 5
21.7800 5
21.8000 3
21.8200 3
21.8400 4
21.8600 4
21.8800 5
21.9000 5
21.9200 4
21.9400 5
21.9600 4
21.9800 4
22.0000 5
22.0200 5
22.0400 5
22.0600 5
22.0800 5
22.1000 6
22.1200 3
22.1400 2
22.1600 4
22.1800 3
22.2000 4
22.2200 4
22.2400 4
22.2600 4
22.2800 3
22.3000 1
22.3200 3
22.3400 2
22.3600 4
22.3800 4
22.4000 4
22.4200 4
22.4400 5
22.4600 4
22.4800 5
22.5000 5
22.5200 4
22.5400 4
22.5600 4
22.5800 4
22.6000 4
22.6200 4
22.6400 3
22.6600 3
22.6800 3
22.7000 4
22.7200 3
22.7400 2
22.7600 4
22.7800 5
22.8000 4
22.8200 5
22.8400 6
22.8600 5
22.8800 5
22.9000 4
22.9200 4
22.9400 5
22.9600 6
22.9800 5
23.0000 5
23.0200 5
23.0400 3
23.0600 3
23.0800 4
23.1000 4
23.1200 4
23.1400 5
23.1600 4
23.1800 6
23.2000 5
23.2200 5
23.2400 3
23.2600 3
23.2800 4
23.3000 5
23.3200 4
23.3400 4
23.3600 5
23.3800 4
23.4000 5
23.4200 5
23.4400 4
23.4600 4
23.4800 4
23.5000 4
23.5200 4
23.5400 4
23.5600 4
23.5800 4
23.6000 5
23.6200 6
23.6400 4
23.6600 4
23.6800 4
23.7000 4
23.7200 4
23.7400 5
23.7600 4
23.7800 4
23.8000 4
23.8200 4
23.8400 4
23.8600 5
23.8800 5
23.9000 6
23.9200 6
23.9400 5
23.9600 4
23.9800 4
24.0000 4
24.0200 4
24.0400 4
24.0600 3
24.0800 4
24.1000 6
24.1200 5
24.1400 5
24.1600 4
24.1800 4
24.2000 5
24.2200 4
24.2400 4
24.2600 4
24.2800 4
24.3000 4
24.3200 3
24.3400 3
24.3600 4
24.3800 5
24.4000 5
24.4200 4
24.4400 3
24.4600 5
24.4800 5
24.5000 5
24.5200 3
24.5400 2
24.5600 3
24.5800 4
24.6000 4
24.6200 4
24.6400 3
24.6600 3
24.6800 4
24.7000 4
24.7200 4
24.7400 4
24.7600 3
24.7800 4
24.8000 3
24.8200 4
24.8400 5
24.8600 5
24.8800 3
24.9000 3
24.9200 4
24.9400 4
24.9600 5
24.9800 5
25.0000 4
25.0200 4
25.0400 3
25.0600 4
25.0800 4
25.1000 4
25.1200 1
25.1400 2
25.1600 4
25.1800 5
25.2000 4
25.2200 5
25.2400 5
25.2600 3
25.2800 3
25.3000 3
25.3200 3
25.3400 5
25.3600 4
25.3800 4
25.4000 4
25.4200 3
25.4400 2
25.4600 2
25.4800 3
25.5000 5
25.5200 4
25.5400 4
25.5600 4
25.5800 2
25.6000 3
25.6200 3
25.6400 4
25.6600 4
25.6800 4
25.7000 5
25.7200 4
25.7400 3
25.7600 4
25.7800 4
25.8000 4
25.8200 5
25.8400 5
25.8600 4
25.8800 3
25.9000 2
25.9200 3
25.9400 4
25.9600 4
25.9800 4
26.0000 4
26.0200 2
26.0400 3
26.0600 4
26.0800 5
26.1000 5
26.1200 4
26.1400 3
26.1600 5
26.1800 5
26.2000 5
26.2200 4
26.2400 4
26.2600 2
26.2800 4
26.3000 5
26.3200 5
26.3400 4
26.3600 4
26.3800 3
26.4000 2
26.4200 3
26.4400 4
26.4600 4
26.4800 3
26.5000 4
26.5200 4
26.5400 4
26.5600 4
26.5800 5
26.6000 5
26.6200 5
26.6400 5
26.6600 4
26.6800 4
26.7000 4
26.7200 4
26.7400 4
26.7600 4
26.7800 2
26.8000 3
26.8200 4
26.8400 3
26.8600 4
26.8800 3
26.9000 3
26.9200 5
26.9400 5
26.9600 5
26.9800 6
27.0000 3
27.0200 2
27.0400 2
27.0600 3
27.0800 5
27.1000 4
27.1200 3
27.1400 4
27.1600 4
27.1800 4
27.2000 4
27.2200 4
27.2400 3
27.2600 3
27.2800 3
27.3000 3
27.3200 3
27.3400 4
27.3600 4
27.3800 4
27.4000 2
27.4200 4
27.4400 3
27.4600 5
27.4800 5
27.5000 4
27.5200 4
27.5400 5
27.5600 4
27.5800 5
27.6000 5
27.6200 4
27.6400 4
27.6600 4
27.6800 5
27.7000 6
27.7200 5
27.7400 5
27.7600 6
27.7800 5
27.8000 5
27.8200 4
27.8400 4
27.8600 4
27.8800 3
27.9000 2
27.9200 4
27.9400 5
27.9600 4
27.9800 5
28.0000 5
28.0200 5
28.0400 5
28.0600 5
28.0800 4
28.1000 5
28.1200 5
28.1400 4
28.1600 4
28.1800 4
28.2000 3
28.2200 4
28.2400 3
28.2600 3
28.2800 3
28.3000 5
28.3200 4
28.3400 2
28.3600 3
28.3800 4
28.4000 4
28.4200 3
28.4400 3
28.4600 4
28.4800 4
28.5000 3
28.5200 4
28.5400 4
28.5600 4
28.5800 5
28.6000 4
28.6200 4
28.6400 3
28.6600 5
28.6800 4
28.7000 4
28.7200 3
28.7400 3
28.7600 4
28.7800 5
28.8000 5
28.8200 4
28.8400 4
28.8600 4
28.8800 4
28.9000 4
28.9200 4
28.9400 5
28.9600 5
28.9800 4
29.0000 3
29.0200 2
29.0400 4
29.0600 4
29.0800 5
29.1000 4
29.1200 4
29.1400 5
29.1600 5
29.1800 4
29.2000 4
29.2200 4
29.2400 4
29.2600 3
29.2800 4
29.3000 3
29.3200 4
29.3400 4
29.3600 4
29.3800 3
29.4000 5
29.4200 4
29.4400 4
29.4600 5
29.4800 4
29.5000 4
29.5200 5
29.5400 4
29.5600 4
29.5800 3
29.6000 4
29.6200 3
29.6400 5
29.6600 5
29.6800 5
29.7000 5
29.7200 5
29.7400 5
29.7600 4
29.7800 5
29.8000 5
29.8200 4
29.8400 4
29.8600 4
29.8800 4
29.9000 5
29.9200 4
29.9400 2
29.9600 2
29.9800 3
30.0000 3
30.0200 4
30.0400 1
30.0600 1
30.0800 2
30.1000 4
30.1200 5
30.1400 5
30.1600 4
30.1800 3
30.2000 3
30.2200 5
30.2400 5
30.2600 4
30.2800 4
30.3000 3
30.3200 3
30.3400 4
30.3600 3
30.3800 2
30.4000 4
30.4200 3
30.4400 3
30.4600 3
30.4800 4
30.5000 4
30.5200 4
30.5400 4
30.5600 5
30.5800 4
30.6000 4
30.6200 4
30.6400 5
30.6600 4
30.6800 4
30.7000 4
30.7200 4
30.7400 4
30.7600 4
30.7800 2
30.8000 3
30.8200 4
30.8400 5
30.8600 4
30.8800 2
30.9000 3
30.9200 3
30.9400 3
30.9600 3
30.9800 4
31.0000 3
31.0200 3
31.0400 4
31.0600 4
31.0800 3
31.1000 4
31.1200 4
31.1400 4
31.1600 4
31.1800 3
31.2000 4
31.2200 4
31.2400 3
31.2600 3
31.2800 4
31.3000 5
31.3200 4
31.3400 4
31.3600 4
31.3800 2
31.4000 3
31.4200 4
31.4400 5
31.4600 4
31.4800 4
31.5000 3
31.5200 1
31.5400 3
31.5600 4
31.5800 3
31.6000 3
31.6200 4
31.6400 4
31.6600 4
31.6800 4
31.7000 4
31.7200 4
31.7400 4
31.7600 5
31.7800 4
31.8000 5
31.8200 5
31.8400 5
31.8600 4
31.8800 3
31.9000 4
31.9200 5
31.9400 4
31.9600 2
31.9800 4
32.0000 4
32.0200 3
32.0400 3
32.0600 3
32.0800 4
32.1000 4
32.1200 4
32.1400 3
32.1600 3
32.1800 4
32.2000 4
32.2200 4
32.2400 5
32.2600 5
32.2800 4
32.3000 4
32.3200 4
32.3400 5
32.3600 5
32.3800 5
32.4000 4
32.4200 3
32.4400 2
32.4600 3
32.4800 5
32.5000 5
32.5200 3
32.5400 3
32.5600 4
32.5800 4
32.6000 4
32.6200 4
32.6400 5
32.6600 3
32.6800 3
32.7000 5
32.7200 5
32.7400 5
32.7600 5
32.7800 5
32.8000 5
32.8200 4
32.8400 5
32.8600 3
32.8800 3
32.9000 3
32.9200 3
32.9400 3
32.9600 3
32.9800 5
33.0000 4
33.0200 4
33.0400 4
33.0600 5
33.0800 4
33.1000 4
33.1200 3
33.1400 4
33.1600 4
33.1800 5
33.2000 4
33.2200 4
33.2400 4
33.2600 4
33.2800 2
33.3000 2
33.3200 4
33.3400 3
33.3600 2
33.3800 2
33.4000 3
33.4200 4
33.4400 4
33.4600 5
33.4800 5
33.5000 3
33.5200 4
33.5400 4
33.5600 5
33.5800 4
33.6000 4
33.6200 5
33.6400 5
33.6600 4
33.6800 4
33.7000 5
33.7200 4
33.7400 4
33.7600 4
33.7800 3
33.8000 4
33.8200 4
33.8400 3
33.8600 5
33.8800 4
33.9000 3
33.9200 3
33.9400 4
33.9600 3
33.9800 3
34.0000 3
34.0200 3
34.0400 4
34.0600 3
34.0800 3
34.1000 4
34.1200 4
34.1400 4
34.1600 4
34.1800 5
34.2000 4
34.2200 4
34.2400 4
34.2600 4
34.2800 2
34.3000 4
34.3200 5
34.3400 4
34.3600 3
34.3800 4
34.4000 4
34.4200 4
34.4400 4
34.4600 4
34.4800 3
34.5000 3
34.5200 3
34.5400 3
34.5600 3
34.5800 4
34.6000 4
34.6200 4
34.6400 4
34.6600 4
34.6800 3
34.7000 4
34.7200 4
34.7400 5
34.7600 4
34.7800 2
34.8000 2
34.8200 4
34.8400 2
34.8600 2
34.8800 4
34.9000 4
34.9200 4
34.9400 4
34.9600 5
34.9800 3
35.0000 3
35.0200 3
35.0400 3
35.0600 4
35.0800 4
35.1000 4
35.1200 4
35.1400 3
35.1600 3
35.1800 4
35.2000 4
35.2200 3
35.2400 3
35.2600 3
35.2800 3
35.3000 4
35.3200 4
35.3400 5
35.3600 5
35.3800 5
35.4000 4
35.4200 4
35.4400 5
35.4600 5
35.4800 5
35.5000 5
35.5200 4
35.5400 4
35.5600 5
35.5800 5
35.6000 4
35.6200 4
35.6400 3
35.6600 4
35.6800 4
35.7000 3
35.7200 3
35.7400 3
35.7600 3
35.7800 4
35.8000 5
35.8200 5
35.8400 5
35.8600 4
35.8800 3
35.9000 4
35.9200 5
35.9400 5
35.9600 5
35.9800 3
36.0000 2
36.0200 4
36.0400 5
36.0600 5
36.0800 5
36.1000 3
36.1200 3
36.1400 4
36.1600 5
36.1800 5
36.2000 5
36.2200 5
36.2400 3
36.2600 2
36.2800 3
36.3000 4
36.3200 2
36.3400 2
36.3600 3
36.3800 4
36.4000 3
36.4200 3
36.4400 4
36.4600 4
36.4800 3
36.5000 3
36.5200 2
36.5400 3
36.5600 3
36.5800 2
36.6000 2
36.6200 3
36.6400 4
36.6600 3
36.6800 3
36.7000 4
36.7200 4
36.7400 2
36.7600 3
36.7800 3
36.8000 2
36.8200 3
36.8400 3
36.8600 3
36.8800 4
36.9000 5
36.9200 4
36.9400 4
36.9600 4
36.9800 3
37.0000 4
37.0200 5
37.0400 4
37.0600 4
37.0800 5
37.1000 4
37.1200 4
37.1400 5
37.1600 5
37.1800 4
37.2000 3
37.2200 5
37.2400 3
37.2600 3
37.2800 4
37.3000 3
37.3200 3
37.3400 4
37.3600 4
37.3800 4
37.4000 4
37.4200 4
37.4400 5
37.4600 4
37.4800 3
37.5000 3
37.5200 4
37.5400 4
37.5600 4
37.5800 4
37.6000 5
37.6200 5
37.6400 4
37.6600 3
37.6800 4
37.7000 4
37.7200 4
37.7400 5
37.7600 5
37.7800 3
37.8000 4
37.8200 4
37.8400 4
37.8600 5
37.8800 4
37.9000 4
37.9200 4
37.9400 3
37.9600 3
37.9800 3
38.0000 5
38.0200 5
38.0400 5
38.0600 5
38.0800 4
38.1000 3
38.1200 4
38.1400 3
38.1600 4
38.1800 5
38.2000 5
38.2200 5
38.2400 4
38.2600 4
38.2800 4
38.3000 4
38.3200 5
38.3400 5
38.3600 4
38.3800 4
38.4000 3
38.4200 4
38.4400 4
38.4600 4
38.4800 3
38.5000 3
38.5200 3
38.5400 3
38.5600 3
38.5800 4
38.6000 5
38.6200 4
38.6400 4
38.6600 4
38.6800 4
38.7000 4
38.7200 4
38.7400 5
38.7600 3
38.7800 5
38.8000 4
38.8200 4
38.8400 3
38.8600 4
38.8800 5
38.9000 4
38.9200 4
38.9400 4
38.9600 3
38.9800 4
39.0000 5
39.0200 4
39.0400 3
39.0600 4
39.0800 4
39.1000 5
39.1200 5
39.1400 4
39.1600 3
39.1800 3
39.2000 4
39.2200 5
39.2400 5
39.2600 4
39.2800 2
39.3000 2
39.3200 4
39.3400 4
39.3600 4
39.3800 3
39.4000 2
39.4200 3
39.4400 5
39.4600 3
39.4800 3
39.5000 3
39.5200 3
39.5400 3
39.5600 4
39.5800 4
39.6000 4
39.6200 4
39.6400 4
39.6600 3
39.6800 4
39.7000 4
39.7200 4
39.7400 4
39.7600 4
39.7800 3
39.8000 4
39.8200 4
39.8400 4
39.8600 5
39.8800 4
39.9000 3
39.9200 4
39.9400 4
39.9600 4
39.9800 5
40.0000 5
40.0200 4
40.0400 5
40.0600 4
40.0800 3
40.1000 3
40.1200 4
40.1400 2
40.1600 4
40.1800 4
40.2000 4
40.2200 4
40.2400 4
40.2600 5
40.2800 4
40.3000 4
40.3200 4
40.3400 4
40.3600 3
40.3800 3
40.4000 5
40.4200 5
40.4400 5
40.4600 5
40.4800 5
40.5000 5
40.5200 5
40.5400 5
40.5600 5
40.5800 5
40.6000 5
40.6200 5
40.6400 4
40.6600 3
40.6800 4
40.7000 4
40.7200 5
40.7400 4
40.7600 4
40.7800 4
40.8000 4
40.8200 3
40.8400 3
40.8600 4
40.8800 5
40.9000 5
40.9200 4
40.9400 2
40.9600 4
40.9800 4
41.0000 5
41.0200 5
41.0400 4
41.0600 3
41.0800 4
41.1000 4
41.1200 4
41.1400 4
41.1600 4
41.1800 3
41.2000 2
41.2200 2
41.2400 2
41.2600 3
41.2800 3
41.3000 4
41.3200 4
41.3400 2
41.3600 3
41.3800 4
41.4000 4
41.4200 4
41.4400 4
41.4600 3
41.4800 3
41.5000 3
41.5200 3
41.5400 5
41.5600 4
41.5800 3
41.6000 2
41.6200 2
41.6400 3
41.6600 4
41.6800 4
41.7000 4
41.7200 4
41.7400 3
41.7600 4
41.7800 4
41.8000 4
41.8200 4
41.8400 5
41.8600 5
41.8800 4
41.9000 4
41.9200 3
41.9400 3
41.9600 4
41.9800 4
42.0000 4
42.0200 4
42.0400 3
42.0600 4
42.0800 4
42.1000 4
42.1200 3
42.1400 3
42.1600 5
42.1800 5
42.2000 3
42.2200 3
42.2400 2
42.2600 3
42.2800 4
42.3000 5
42.3200 5
42.3400 4
42.3600 4
42.3800 4
42.4000 3
42.4200 4
42.4400 3
42.4600 3
42.4800 3
42.5000 3
42.5200 4
42.5400 4
42.5600 4
42.5800 4
42.6000 4
42.6200 3
42.6400 4
42.6600 3
42.6800 3
42.7000 3
42.7200 4
42.7400 3
42.7600 4
42.7800 3
42.8000 3
42.8200 3
42.8400 4
42.8600 3
42.8800 5
42.9000 5
42.9200 3
42.9400 3
42.9600 4
42.9800 4
43.0000 5
43.0200 5
43.0400 3
43.0600 3
43.0800 3
43.1000 4
43.1200 4
43.1400 5
43.1600 4
43.1800 4
43.2000 4
43.2200 4
43.2400 3
43.2600 3
43.2800 5
43.3000 4
43.3200 4
43.3400 3
43.3600 4
43.3800 3
43.4000 2
43.4200 2
43.4400 3
43.4600 4
43.4800 4
43.5000 3
43.5200 4
43.5400 4
43.5600 4
43.5800 3
43.6000 4
43.6200 4
43.6400 4
43.6600 4
43.6800 4
43.7000 3
43.7200 3
43.7400 3
43.7600 5
43.7800 4
43.8000 4
43.8200 4
43.8400 3
43.8600 3
43.8800 4
43.9000 4
43.9200 4
43.9400 3
43.9600 2
43.9800 3
44.0000 4
44.0200 4
44.0400 4
44.0600 4
44.0800 4
44.1000 4
44.1200 4
44.1400 4
44.1600 4
44.1800 4
44.2000 3
44.2200 3
44.2400 4
44.2600 5
44.2800 4
44.3000 4
44.3200 3
44.3400 3
44.3600 3
44.3800 4
44.4000 4
44.4200 3
44.4400 2
44.4600 3
44.4800 4
44.5000 3
44.5200 4
44.5400 4
44.5600 3
44.5800 3
44.6000 4
44.6200 5
44.6400 3
44.6600 4
44.6800 4
44.7000 2
44.7200 3
44.7400 3
44.7600 4
44.7800 3
44.8000 3
44.8200 3
44.8400 3
44.8600 2
44.8800 3
44.9000 4
44.9200 5
44.9400 4
44.9600 4
44.9800 4
45.0000 4
45.0200 4
45.0400 3
45.0600 4
45.0800 3
45.1000 4
45.1200 4
45.1400 4
45.1600 4
45.1800 4
45.2000 4
45.2200 4
45.2400 2
45.2600 2
45.2800 3
45.3000 2
45.3200 3
45.3400 3
45.3600 3
45.3800 2
45.4000 4
45.4200 3
45.4400 5
45.4600 5
45.4800 3
45.5000 3
45.5200 4
45.5400 4
45.5600 5
45.5800 5
45.6000 4
45.6200 4
45.6400 3
45.6600 4
45.6800 4
45.7000 4
45.7200 4
45.7400 3
45.7600 3
45.7800 3
45.8000 2
45.8200 3
45.8400 4
45.8600 4
45.8800 4
45.9000 5
45.9200 3
45.9400 3
45.9600 3
45.9800 4
46.0000 4
46.0200 4
46.0400 3
46.0600 5
46.0800 3
46.1000 3
46.1200 3
46.1400 4
46.1600 4
46.1800 4
46.2000 5
46.2200 4
46.2400 4
46.2600 3
46.2800 3
46.3000 3
46.3200 4
46.3400 4
46.3600 4
46.3800 3
46.4000 3
46.4200 3
46.4400 3
46.4600 4
46.4800 4
46.5000 5
46.5200 4
46.5400 3
46.5600 4
46.5800 2
46.6000 3
46.6200 5
46.6400 5
46.6600 4
46.6800 3
46.7000 4
46.7200 4
46.7400 4
46.7600 4
46.7800 4
46.8000 4
46.8200 4
46.8400 3
46.8600 4
46.8800 4
46.9000 5
46.9200 4
46.9400 4
46.9600 4
46.9800 4
47.0000 3
47.0200 4
47.0400 4
47.0600 3
47.0800 6
47.1000 5
47.1200 4
47.1400 5
47.1600 3
47.1800 3
47.2000 4
47.2200 3
47.2400 4
47.2600 4
47.2800 3
47.3000 4
47.3200 6
47.3400 5
47.3600 4
47.3800 4
47.4000 4
47.4200 5
47.4400 5
47.4600 6
47.4800 5
47.5000 5
47.5200 4
47.5400 4
47.5600 4
47.5800 5
47.6000 4
47.6200 3
47.6400 5
47.6600 5
47.6800 5
47.7000 4
47.7200 5
47.7400 4
47.7600 3
47.7800 3
47.8000 3
47.8200 4
47.8400 3
47.8600 4
47.8800 4
47.9000 3
47.9200 4
47.9400 4
47.9600 5
47.9800 5
48.0000 5
48.0200 4
48.0400 4
48.0600 4
48.0800 4
48.1000 4
48.1200 5
48.1400 4
48.1600 3
48.1800 4
48.2000 5
48.2200 4
48.2400 4
48.2600 3
48.2800 3
48.3000 4
48.3200 4
48.3400 3
48.3600 4
48.3800 3
48.4000 2
48.4200 3
48.4400 4
48.4600 4
48.4800 4
48.5000 4
48.5200 4
48.5400 5
48.5600 4
48.5800 4
48.6000 5
48.6200 5
48.6400 4
48.6600 5
48.6800 4
48.7000 3
48.7200 4
48.7400 4
48.7600 5
48.7800 5
48.8000 4
48.8200 3
48.8400 5
48.8600 5
48.8800 4
48.9000 4
48.9200 4
48.9400 4
48.9600 4
48.9800 4
49.0000 5
49.0200 4
49.0400 4
49.0600 4
49.0800 3
49.1000 3
49.1200 2
49.1400 3
49.1600 4
49.1800 4
49.2000 4
49.2200 5
49.2400 4
49.2600 4
49.2800 4
49.3000 4
49.3200 6
49.3400 5
49.3600 5
49.3800 3
49.4000 2
49.4200 3
49.4400 3
49.4600 4
49.4800 3
49.5000 2
49.5200 3
49.5400 2
49.5600 4
49.5800 4
49.6000 4
49.6200 5
49.6400 4
49.6600 2
49.6800 3
49.7000 2
49.7200 4
49.7400 4
49.7600 3
49.7800 5
49.8000 4
49.8200 4
49.8400 3
49.8600 4
49.8800 4
49.9000 4
49.9200 4
49.9400 4
49.9600 4
49.9800 3
50.0000 4
