time_ps,msd_A2
0.000000000000000000e+00 0.000000000000000000e+00
2.000000000000000042e-02 5.328436825498500916e-03
4.000000000000000083e-02 8.123474254789778137e-03
5.999999999999999778e-02 4.473177420422617782e-03
8.000000000000000167e-02 1.505783580530677124e-02
1.000000000000000056e-01 3.975036027780556869e-02
1.199999999999999956e-01 2.912202998156450395e-02
1.400000000000000133e-01 5.246506281342008457e-03
1.600000000000000033e-01 2.479498828987136867e-03
1.799999999999999933e-01 5.603216571247259838e-03
2.000000000000000111e-01 1.499598620534556281e-02
2.200000000000000011e-01 2.152709832572822363e-02
2.399999999999999911e-01 1.347033219819662730e-02
2.600000000000000089e-01 1.582923054083853684e-02
2.800000000000000266e-01 7.128487680490699571e-03
2.999999999999999889e-01 2.493082367542831870e-02
3.200000000000000067e-01 2.858392489549889046e-02
3.400000000000000244e-01 1.348031692805392624e-02
3.599999999999999867e-01 9.534695155915996409e-03
3.800000000000000044e-01 2.609240053324488051e-02
4.000000000000000222e-01 3.645827603180002568e-02
4.199999999999999845e-01 2.868764691518592425e-02
4.400000000000000022e-01 2.925796307964819570e-02
4.600000000000000200e-01 5.435897808371988743e-02
4.799999999999999822e-01 1.008488167257804852e-01
5.000000000000000000e-01 1.264547177623545904e-01
5.200000000000000178e-01 1.410233710295717147e-01
5.400000000000000355e-01 1.901904262764735898e-01
5.600000000000000533e-01 2.937137453551911248e-01
5.799999999999999600e-01 4.188236065456885648e-01
5.999999999999999778e-01 4.728866376604881072e-01
6.199999999999999956e-01 5.291047338538609202e-01
6.400000000000000133e-01 5.854698920996233014e-01
6.600000000000000311e-01 6.296840247753476838e-01
6.800000000000000488e-01 6.190428511560512881e-01
7.000000000000000666e-01 5.877182510352229050e-01
7.199999999999999734e-01 5.989156895318864526e-01
7.399999999999999911e-01 6.701860380012417684e-01
7.600000000000000089e-01 7.878774344287808873e-01
7.800000000000000266e-01 8.982710198256829148e-01
8.000000000000000444e-01 8.610154140523706978e-01
8.200000000000000622e-01 7.163538623003762318e-01
8.399999999999999689e-01 6.951808477372632966e-01
8.599999999999999867e-01 7.591134186277611606e-01
8.800000000000000044e-01 8.938677568324119305e-01
9.000000000000000222e-01 8.972747411234525128e-01
9.200000000000000400e-01 7.718055267682720766e-01
9.400000000000000577e-01 6.341812029145520446e-01
9.599999999999999645e-01 4.763709817315439632e-01
9.799999999999999822e-01 3.743364593361473980e-01
1.000000000000000000e+00 3.788388411635930653e-01
1.020000000000000018e+00 4.651199700187222397e-01
1.040000000000000036e+00 4.827174038057123195e-01
1.060000000000000053e+00 4.142627550051811713e-01
1.080000000000000071e+00 2.473582337942082376e-01
1.100000000000000089e+00 1.369098983081437348e-01
1.120000000000000107e+00 1.290008802582080227e-01
1.140000000000000124e+00 1.267264758936506031e-01
1.159999999999999920e+00 1.108420053677375283e-01
1.179999999999999938e+00 9.676407694847294350e-02
1.199999999999999956e+00 1.301174568220702932e-01
1.219999999999999973e+00 1.493475485254151525e-01
1.239999999999999991e+00 1.190954209099686079e-01
1.260000000000000009e+00 6.851995787622107426e-02
1.280000000000000027e+00 3.376273458038987763e-02
1.300000000000000044e+00 1.105381756047195234e-02
1.320000000000000062e+00 1.738641666091740113e-03
1.340000000000000080e+00 4.461805051540383184e-03
1.360000000000000098e+00 8.825080489189531668e-03
1.380000000000000115e+00 6.173945957081846195e-03
1.400000000000000133e+00 5.904461114563007255e-03
1.419999999999999929e+00 1.079885420584860041e-02
1.439999999999999947e+00 2.475410600465136751e-02
1.459999999999999964e+00 5.321473221648088947e-02
1.479999999999999982e+00 7.948240772951836730e-02
1.500000000000000000e+00 1.140047620624233399e-01
1.520000000000000018e+00 1.027986066912188468e-01
1.540000000000000036e+00 8.093473125587180572e-02
1.560000000000000053e+00 3.808222715513820411e-02
1.580000000000000071e+00 1.532649953522288028e-02
1.600000000000000089e+00 1.270225833940384630e-02
1.620000000000000107e+00 3.225702402852381745e-02
1.640000000000000124e+00 1.041912577932049000e-01
1.660000000000000142e+00 1.663409945309702320e-01
1.679999999999999938e+00 2.255250595555410298e-01
1.699999999999999956e+00 2.370401402967301785e-01
1.719999999999999973e+00 2.154067105382576897e-01
1.739999999999999991e+00 1.455634049812951081e-01
1.760000000000000009e+00 7.422058114229772297e-02
1.780000000000000027e+00 7.348580591747694291e-02
1.800000000000000044e+00 1.298436894172887712e-01
1.820000000000000062e+00 1.778166534136765564e-01
1.840000000000000080e+00 2.074611027217039549e-01
1.860000000000000098e+00 2.696289179160485383e-01
1.880000000000000115e+00 4.174777372828520350e-01
1.900000000000000133e+00 5.615514653177320348e-01
1.919999999999999929e+00 5.258001716965481354e-01
1.939999999999999947e+00 4.610902813051823146e-01
1.959999999999999964e+00 4.249375117720134432e-01
1.979999999999999982e+00 4.195389979964469496e-01
2.000000000000000000e+00 4.212994358313696397e-01
2.020000000000000018e+00 3.864045401097958021e-01
2.040000000000000036e+00 3.904103726656719120e-01
2.060000000000000053e+00 4.222454174393620030e-01
2.080000000000000071e+00 4.776416718417565432e-01
2.100000000000000089e+00 6.008413245253351187e-01
2.120000000000000107e+00 7.176580365135067918e-01
2.140000000000000124e+00 6.784963266623026401e-01
2.160000000000000142e+00 6.287014487931913420e-01
2.180000000000000160e+00 6.952742796225354072e-01
2.200000000000000178e+00 6.866078020291063178e-01
2.220000000000000195e+00 5.257662189074124859e-01
2.240000000000000213e+00 4.646888160789472422e-01
2.260000000000000231e+00 5.100366178413455742e-01
2.280000000000000249e+00 4.977724397432312653e-01
2.300000000000000266e+00 3.627281961474765337e-01
2.319999999999999840e+00 2.742722367654134574e-01
2.339999999999999858e+00 2.653642625245551390e-01
2.359999999999999876e+00 1.848753738096582666e-01
2.379999999999999893e+00 1.112503099364893222e-01
2.399999999999999911e+00 1.121561539222473702e-01
2.419999999999999929e+00 1.742242847072953404e-01
2.439999999999999947e+00 2.341030838262857794e-01
2.459999999999999964e+00 2.476544770874722912e-01
2.479999999999999982e+00 2.058752431328878807e-01
2.500000000000000000e+00 1.303074392342260523e-01
2.520000000000000018e+00 7.295061775096038648e-02
2.540000000000000036e+00 4.223088803258846780e-02
2.560000000000000053e+00 1.693477375280207087e-02
2.580000000000000071e+00 4.152476682369322068e-03
2.600000000000000089e+00 1.799198178480750782e-02
2.620000000000000107e+00 3.308285078885105090e-02
2.640000000000000124e+00 1.660863781791852706e-02
2.660000000000000142e+00 5.754936249391991859e-03
2.680000000000000160e+00 9.613666097541591002e-03
2.700000000000000178e+00 1.672289674097969525e-02
2.720000000000000195e+00 2.836084466725727338e-02
2.740000000000000213e+00 2.017779153970656464e-02
2.760000000000000231e+00 5.189577455371604045e-03
2.780000000000000249e+00 1.846707507319610142e-02
2.800000000000000266e+00 3.886565304164238399e-02
2.819999999999999840e+00 2.768175545785372949e-02
2.839999999999999858e+00 7.582492335145348678e-03
2.859999999999999876e+00 7.643170499083408627e-03
2.879999999999999893e+00 3.401764469957717536e-03
2.899999999999999911e+00 1.006912554974341220e-02
2.919999999999999929e+00 1.589407232184926466e-02
2.939999999999999947e+00 3.816028352441880322e-02
2.959999999999999964e+00 7.988093609442324661e-02
2.979999999999999982e+00 1.252467029041607338e-01
3.000000000000000000e+00 1.812926105552853662e-01
3.020000000000000018e+00 2.192705628914545790e-01
3.040000000000000036e+00 2.107630154890891006e-01
3.060000000000000053e+00 1.367859407024937246e-01
3.080000000000000071e+00 1.314044667404400402e-01
3.100000000000000089e+00 2.255154193152571207e-01
3.120000000000000107e+00 2.832983994345275036e-01
3.140000000000000124e+00 2.334207261725333438e-01
3.160000000000000142e+00 2.119879801866618729e-01
3.180000000000000160e+00 2.370190280300631114e-01
3.200000000000000178e+00 3.030526993509148892e-01
3.220000000000000195e+00 3.860951407157761084e-01
3.240000000000000213e+00 4.070702922227864562e-01
3.260000000000000231e+00 4.060700559808430588e-01
3.280000000000000249e+00 3.696348574154165179e-01
3.300000000000000266e+00 3.539602764927416989e-01
3.320000000000000284e+00 4.293589711654604013e-01
3.339999999999999858e+00 5.951065110417652626e-01
3.359999999999999876e+00 6.628107725434627673e-01
3.379999999999999893e+00 6.027287579373619142e-01
3.399999999999999911e+00 5.814814228678385488e-01
3.419999999999999929e+00 5.784089247341689388e-01
3.439999999999999947e+00 5.238075451984323117e-01
3.459999999999999964e+00 5.138649375026262955e-01
3.479999999999999982e+00 5.398738808518857013e-01
3.500000000000000000e+00 5.119069624951887443e-01
3.520000000000000018e+00 4.961295697526640347e-01
3.540000000000000036e+00 4.476865838917815088e-01
3.560000000000000053e+00 4.048254702558930496e-01
3.580000000000000071e+00 3.729594291617864821e-01
3.600000000000000089e+00 3.855722522320040868e-01
3.620000000000000107e+00 4.078706880516591582e-01
3.640000000000000124e+00 3.861215037712392162e-01
3.660000000000000142e+00 4.213105145917359629e-01
3.680000000000000160e+00 5.046059329446359598e-01
3.700000000000000178e+00 4.668741580779539602e-01
3.720000000000000195e+00 3.282124214350384817e-01
3.740000000000000213e+00 2.476316760640155379e-01
3.760000000000000231e+00 2.467687678240671201e-01
3.780000000000000249e+00 2.541306119500137961e-01
3.800000000000000266e+00 2.174800557574683990e-01
3.820000000000000284e+00 1.276192883922245003e-01
3.839999999999999858e+00 7.500616745935236029e-02
3.859999999999999876e+00 5.152329690003580598e-02
3.879999999999999893e+00 3.128545431836796120e-02
3.899999999999999911e+00 1.720735532762877884e-02
3.919999999999999929e+00 6.806580319384425599e-03
3.939999999999999947e+00 2.719674374058438353e-03
3.959999999999999964e+00 9.287891233911750588e-03
3.979999999999999982e+00 3.694599584713236656e-02
4.000000000000000000e+00 3.183752771483048388e-02
4.020000000000000462e+00 1.652483676618581032e-02
4.040000000000000036e+00 5.713540121780227854e-03
4.060000000000000497e+00 1.404262282467189440e-02
4.080000000000000071e+00 2.329201323524947298e-02
4.099999999999999645e+00 1.578537312210558444e-02
4.120000000000000107e+00 3.567262566133137802e-02
4.139999999999999680e+00 5.703436667409020333e-02
4.160000000000000142e+00 5.965288122517398151e-02
4.179999999999999716e+00 3.051328188757461077e-02
4.200000000000000178e+00 7.704172507991838281e-03
4.219999999999999751e+00 1.147765819533313678e-02
4.240000000000000213e+00 3.203508625575232638e-02
4.259999999999999787e+00 6.029399682180634767e-02
4.280000000000000249e+00 7.935334357299303476e-02
4.299999999999999822e+00 1.068971874925021825e-01
4.320000000000000284e+00 1.119993822860574917e-01
4.339999999999999858e+00 6.378058790962488900e-02
4.360000000000000320e+00 6.080714098038625393e-02
4.379999999999999893e+00 1.303563895171166997e-01
4.400000000000000355e+00 1.953810491868583354e-01
4.419999999999999929e+00 1.923903421229868627e-01
4.440000000000000391e+00 2.231921182255446334e-01
4.459999999999999964e+00 2.740325065739606103e-01
4.480000000000000426e+00 2.939264224647916146e-01
4.500000000000000000e+00 2.237443555741366885e-01
4.520000000000000462e+00 1.700397566111273573e-01
4.540000000000000036e+00 2.916201844876892268e-01
4.560000000000000497e+00 5.359569434398692156e-01
4.580000000000000071e+00 7.036459292852879077e-01
4.600000000000000533e+00 6.930956704283366410e-01
4.620000000000000107e+00 6.508087994740022753e-01
4.639999999999999680e+00 5.864054284626565305e-01
4.660000000000000142e+00 5.175679994484202462e-01
4.679999999999999716e+00 5.766270854293469306e-01
4.700000000000000178e+00 7.081615978226657449e-01
4.719999999999999751e+00 6.716923185805172558e-01
4.740000000000000213e+00 6.053971599440465257e-01
4.759999999999999787e+00 6.166675387805172770e-01
4.780000000000000249e+00 7.078289820560590417e-01
4.799999999999999822e+00 7.901766514069645808e-01
4.820000000000000284e+00 8.415296476343321341e-01
4.839999999999999858e+00 8.850136000862646179e-01
4.860000000000000320e+00 8.577836776207483638e-01
4.879999999999999893e+00 6.328751710425198906e-01
4.900000000000000355e+00 4.058956545002723182e-01
4.919999999999999929e+00 3.133427353931690362e-01
4.940000000000000391e+00 3.944916658144911326e-01
4.959999999999999964e+00 4.990989415123701090e-01
4.980000000000000426e+00 5.896985807377522759e-01
5.000000000000000000e+00 4.999935550870146517e-01
5.020000000000000462e+00 3.580451090966740302e-01
5.040000000000000036e+00 3.310989691170100890e-01
5.060000000000000497e+00 3.532649589697826054e-01
5.080000000000000071e+00 2.917084181814505461e-01
5.100000000000000533e+00 2.223956775276239584e-01
5.120000000000000107e+00 2.623600486834839485e-01
5.139999999999999680e+00 3.132599949992476152e-01
5.160000000000000142e+00 3.005915787216619228e-01
5.179999999999999716e+00 1.692124645180572151e-01
5.200000000000000178e+00 7.096117838753837614e-02
5.219999999999999751e+00 5.795312110322835969e-02
5.240000000000000213e+00 8.897034608744322504e-02
5.259999999999999787e+00 1.146764057965775352e-01
5.280000000000000249e+00 1.001543065312052033e-01
5.299999999999999822e+00 7.671080688493135680e-02
5.320000000000000284e+00 5.415222617232666458e-02
5.339999999999999858e+00 2.942915659359721797e-02
5.360000000000000320e+00 3.110740611638938835e-02
5.379999999999999893e+00 4.133548063653536692e-02
5.400000000000000355e+00 4.641679656334596338e-02
5.419999999999999929e+00 5.582416864657785416e-02
5.440000000000000391e+00 3.423153249834185591e-02
5.459999999999999964e+00 1.705438301613896451e-02
5.480000000000000426e+00 2.189908622944819819e-02
5.500000000000000000e+00 2.914541446309721132e-02
5.520000000000000462e+00 1.076984358655170074e-02
5.540000000000000036e+00 1.387939453122755303e-02
5.560000000000000497e+00 1.767512606969430869e-02
5.580000000000000071e+00 2.012585328904977974e-02
5.600000000000000533e+00 2.588816928035753140e-02
5.620000000000000107e+00 6.438450182674189219e-03
5.639999999999999680e+00 7.957921936696728607e-03
5.660000000000000142e+00 2.257443262280980217e-02
5.679999999999999716e+00 4.771994560734153096e-02
5.700000000000000178e+00 5.479171383396908013e-02
5.719999999999999751e+00 8.813339325954686054e-02
5.740000000000000213e+00 9.918369743122518178e-02
5.759999999999999787e+00 1.185009575198781723e-01
5.780000000000000249e+00 1.493003878591292466e-01
5.799999999999999822e+00 1.869303398872497746e-01
5.820000000000000284e+00 2.051159383616922016e-01
5.839999999999999858e+00 2.846005214581541765e-01
5.860000000000000320e+00 3.219891161671307178e-01
5.879999999999999893e+00 3.032010042988736442e-01
5.900000000000000355e+00 3.362511510388492830e-01
5.919999999999999929e+00 4.106395469460316638e-01
5.940000000000000391e+00 4.463949803933179306e-01
5.959999999999999964e+00 3.747657629991969497e-01
5.980000000000000426e+00 3.219519512570463426e-01
6.000000000000000000e+00 3.288594448454770780e-01
6.020000000000000462e+00 3.863826352496022576e-01
6.040000000000000036e+00 3.865203940645861591e-01
6.060000000000000497e+00 3.703050686280474624e-01
6.080000000000000071e+00 4.415041675644829078e-01
6.100000000000000533e+00 5.370993251532505397e-01
6.120000000000000107e+00 5.995110019612556185e-01
6.140000000000000568e+00 5.815450522501086628e-01
6.160000000000000142e+00 5.761494455675568727e-01
6.179999999999999716e+00 6.543919603689419828e-01
6.200000000000000178e+00 7.066574025162912775e-01
6.219999999999999751e+00 7.050508045518033562e-01
6.240000000000000213e+00 6.515395597991332499e-01
6.259999999999999787e+00 5.066657409707251425e-01
6.280000000000000249e+00 3.203150283658189323e-01
6.299999999999999822e+00 2.533363387447222781e-01
6.320000000000000284e+00 2.864518604908780075e-01
6.339999999999999858e+00 3.373045472615765483e-01
6.360000000000000320e+00 3.941473852409602685e-01
6.379999999999999893e+00 3.889915357741254853e-01
6.400000000000000355e+00 3.471279564147944918e-01
6.419999999999999929e+00 2.784023794312061040e-01
6.440000000000000391e+00 2.058242728093492013e-01
6.459999999999999964e+00 1.777772849480431239e-01
6.480000000000000426e+00 1.665530837356365146e-01
6.500000000000000000e+00 1.802391570994685555e-01
6.520000000000000462e+00 1.232397425166239097e-01
6.540000000000000036e+00 7.067825019803521125e-02
6.560000000000000497e+00 3.434121780433199711e-02
6.580000000000000071e+00 2.508347953362317223e-02
6.600000000000000533e+00 2.361925888290605444e-02
6.620000000000000107e+00 3.117024182781957115e-02
6.640000000000000568e+00 5.664044043309077181e-02
6.660000000000000142e+00 8.208898490360563849e-02
6.679999999999999716e+00 7.888080368877103954e-02
6.700000000000000178e+00 2.411393792825651528e-02
6.719999999999999751e+00 1.162322300801944992e-02
6.740000000000000213e+00 2.194403176144383780e-02
6.759999999999999787e+00 3.784724562981671425e-02
6.780000000000000249e+00 4.082340464163682764e-02
6.799999999999999822e+00 1.991489059920631063e-02
6.820000000000000284e+00 8.049401097245233866e-03
6.839999999999999858e+00 4.884605990372753621e-03
6.860000000000000320e+00 2.512733059323658466e-02
6.879999999999999893e+00 3.281277299463187386e-02
6.900000000000000355e+00 2.993274175083554187e-02
6.919999999999999929e+00 4.410650340830402083e-02
6.940000000000000391e+00 4.290157654350668093e-02
6.959999999999999964e+00 1.645283666918669063e-02
6.980000000000000426e+00 8.329296680123388086e-03
7.000000000000000000e+00 1.750847443968750038e-03
7.020000000000000462e+00 8.689226827866254263e-03
7.040000000000000036e+00 2.892616111478894109e-02
7.060000000000000497e+00 6.023278778658137933e-02
7.080000000000000071e+00 9.561987973988768375e-02
7.100000000000000533e+00 1.093585723480156729e-01
7.120000000000000107e+00 1.407448488723844204e-01
7.140000000000000568e+00 2.448863891305323170e-01
7.160000000000000142e+00 4.268913655498874360e-01
7.179999999999999716e+00 5.211315989270064453e-01
7.200000000000000178e+00 5.252471852921463125e-01
7.219999999999999751e+00 5.562032133006773460e-01
7.240000000000000213e+00 5.628597142731091019e-01
7.259999999999999787e+00 5.131331734058360849e-01
7.280000000000000249e+00 4.146349014670814848e-01
7.299999999999999822e+00 3.017081918659618722e-01
7.320000000000000284e+00 2.523882233232409567e-01
7.339999999999999858e+00 3.341615364166454771e-01
7.360000000000000320e+00 4.632985048168644648e-01
7.379999999999999893e+00 4.835138613372428340e-01
7.400000000000000355e+00 4.594068397081841892e-01
7.419999999999999929e+00 4.617425865963282194e-01
7.440000000000000391e+00 4.825211309155801320e-01
7.459999999999999964e+00 5.188704449133564323e-01
7.480000000000000426e+00 6.375163545608860671e-01
7.500000000000000000e+00 7.916021695838806327e-01
7.520000000000000462e+00 8.228123379869631826e-01
7.540000000000000036e+00 6.831797321325341343e-01
7.560000000000000497e+00 5.109794528388930113e-01
7.580000000000000071e+00 4.731673681408643528e-01
7.600000000000000533e+00 4.136450250067221224e-01
7.620000000000000107e+00 3.067498838780732262e-01
7.640000000000000568e+00 2.354654160367038729e-01
7.660000000000000142e+00 2.082961343609474603e-01
7.679999999999999716e+00 2.057721395865652891e-01
7.700000000000000178e+00 2.407713199746771560e-01
7.719999999999999751e+00 2.399678564748267684e-01
7.740000000000000213e+00 1.717080630196462232e-01
7.759999999999999787e+00 1.157443850947740827e-01
7.780000000000000249e+00 1.315690564701318122e-01
7.799999999999999822e+00 2.176261603760430430e-01
7.820000000000000284e+00 2.536741423279597063e-01
7.839999999999999858e+00 2.554827720211375608e-01
7.860000000000000320e+00 2.747104076031051112e-01
7.879999999999999893e+00 2.637186495659087360e-01
7.900000000000000355e+00 1.331182720033301792e-01
7.919999999999999929e+00 5.009717082258270671e-02
7.940000000000000391e+00 2.146147204466033673e-02
7.959999999999999964e+00 3.950285402940623830e-02
7.980000000000000426e+00 4.684097116478432715e-02
8.000000000000000000e+00 2.822463346857319311e-02
8.019999999999999574e+00 2.322376432902540852e-02
8.040000000000000924e+00 4.548388842845231539e-02
8.060000000000000497e+00 5.303073902228495201e-02
8.080000000000000071e+00 3.014479669935715006e-02
8.099999999999999645e+00 1.368442472144773374e-02
8.120000000000000995e+00 1.794658320904089430e-02
8.140000000000000568e+00 3.236064293403340120e-02
8.160000000000000142e+00 3.647703261855764212e-02
8.179999999999999716e+00 2.646687482177872627e-02
8.199999999999999289e+00 2.782181016939544449e-02
8.220000000000000639e+00 3.909417194480586250e-02
8.240000000000000213e+00 3.970239261881483572e-02
8.259999999999999787e+00 3.368788773503750278e-02
8.279999999999999361e+00 6.145155851635165922e-02
8.300000000000000711e+00 8.896095777852186526e-02
8.320000000000000284e+00 1.011998223030636523e-01
8.339999999999999858e+00 1.165016147206007907e-01
8.359999999999999432e+00 1.195021076801874166e-01
8.380000000000000782e+00 1.235485751283242339e-01
8.400000000000000355e+00 1.328245309062781321e-01
8.419999999999999929e+00 1.601151734050385578e-01
8.439999999999999503e+00 1.436085135039528449e-01
8.460000000000000853e+00 8.548504259674222228e-02
8.480000000000000426e+00 3.092121280290817051e-02
8.500000000000000000e+00 3.041243186681946709e-02
8.519999999999999574e+00 9.370039423396188394e-02
8.540000000000000924e+00 2.149135413138028583e-01
8.560000000000000497e+00 3.766307265968729112e-01
8.580000000000000071e+00 4.443618570264573631e-01
8.599999999999999645e+00 3.883201856835880039e-01
8.620000000000000995e+00 3.454934911591071578e-01
8.640000000000000568e+00 3.299782817253859024e-01
8.660000000000000142e+00 3.716806142349989295e-01
8.679999999999999716e+00 4.543749902196442259e-01
8.700000000000001066e+00 5.325775947312858527e-01
8.720000000000000639e+00 5.504837002469405993e-01
8.740000000000000213e+00 5.468285419612517462e-01
8.759999999999999787e+00 6.067464499456820537e-01
8.779999999999999361e+00 6.298793219441289892e-01
8.800000000000000711e+00 4.572706698247528956e-01
8.820000000000000284e+00 3.168995222982802784e-01
8.839999999999999858e+00 2.791458528379772153e-01
8.859999999999999432e+00 3.553029958661409471e-01
8.880000000000000782e+00 4.421497068142433151e-01
8.900000000000000355e+00 4.495761540283497171e-01
8.919999999999999929e+00 5.331715388103474007e-01
8.939999999999999503e+00 6.481481623783886814e-01
8.960000000000000853e+00 6.377621055014546236e-01
8.980000000000000426e+00 4.915546080282481300e-01
9.000000000000000000e+00 3.013121049489169145e-01
9.019999999999999574e+00 1.896241860208700281e-01
9.040000000000000924e+00 1.829760072775291624e-01
9.060000000000000497e+00 2.498134147509294134e-01
9.080000000000000071e+00 2.201854782806437760e-01
9.099999999999999645e+00 2.148980755121346897e-01
9.120000000000000995e+00 2.488784734963691569e-01
9.140000000000000568e+00 2.954836102379622131e-01
9.160000000000000142e+00 2.738511380139621587e-01
9.179999999999999716e+00 2.145068126986067469e-01
9.200000000000001066e+00 1.505839171709997537e-01
9.220000000000000639e+00 1.539404318822114592e-01
9.240000000000000213e+00 1.849684087171563074e-01
9.259999999999999787e+00 1.764892639293035026e-01
9.279999999999999361e+00 1.330437221314335616e-01
9.300000000000000711e+00 9.962540830325924968e-02
9.320000000000000284e+00 7.852982505005809410e-02
9.339999999999999858e+00 1.101616214220588474e-01
9.359999999999999432e+00 1.838064743799770751e-01
9.380000000000000782e+00 2.232956114247336421e-01
9.400000000000000355e+00 2.149611474250627818e-01
9.419999999999999929e+00 1.620355201564161185e-01
9.439999999999999503e+00 9.207722647159642670e-02
9.460000000000000853e+00 3.142155630932911420e-02
9.480000000000000426e+00 1.560553808207988669e-02
9.500000000000000000e+00 2.748269622860981948e-02
9.519999999999999574e+00 5.131788113553017311e-02
9.540000000000000924e+00 9.907494552970326496e-02
9.560000000000000497e+00 8.289146937980490515e-02
9.580000000000000071e+00 4.872659404290719670e-02
9.599999999999999645e+00 2.650121184429957838e-02
9.620000000000000995e+00 6.425564608434939512e-03
9.640000000000000568e+00 1.420112800154031164e-02
9.660000000000000142e+00 8.819294714844863603e-02
9.679999999999999716e+00 1.731652536889821126e-01
9.700000000000001066e+00 2.657493737536748002e-01
9.720000000000000639e+00 2.855596230093897514e-01
9.740000000000000213e+00 1.935486901668422577e-01
9.759999999999999787e+00 1.367565518027377136e-01
9.779999999999999361e+00 1.443125815725121719e-01
9.800000000000000711e+00 2.469297247380361493e-01
9.820000000000000284e+00 2.555306860650089495e-01
9.839999999999999858e+00 2.617014176306130535e-01
9.859999999999999432e+00 2.929795955652725326e-01
9.880000000000000782e+00 3.221896831504729719e-01
9.900000000000000355e+00 3.262860902885608150e-01
9.919999999999999929e+00 3.477841059750488295e-01
9.939999999999999503e+00 4.180398709753793129e-01
9.960000000000000853e+00 5.289411007979911705e-01
9.980000000000000426e+00 4.725596707808562003e-01
1.000000000000000000e+01 3.229783294031290386e-01
1.001999999999999957e+01 2.987304220303106939e-01
1.004000000000000092e+01 3.429075315723829065e-01
1.006000000000000050e+01 3.933536953531904801e-01
1.008000000000000007e+01 4.061909673232990681e-01
1.009999999999999964e+01 3.638280559879661924e-01
1.012000000000000099e+01 3.747988309248957428e-01
1.014000000000000057e+01 4.288249224362153389e-01
1.016000000000000014e+01 4.690930484063410288e-01
1.017999999999999972e+01 4.982111663655340306e-01
1.020000000000000107e+01 5.359886078829394496e-01
1.022000000000000064e+01 5.367773029828692977e-01
1.024000000000000021e+01 5.496920660616531062e-01
1.025999999999999979e+01 5.243887027878371132e-01
1.027999999999999936e+01 4.020463585651626870e-01
1.030000000000000071e+01 3.034903404785944669e-01
1.032000000000000028e+01 3.319445773721638737e-01
1.033999999999999986e+01 3.677708485526101634e-01
1.035999999999999943e+01 2.934260466221416119e-01
1.038000000000000078e+01 2.363690096098480242e-01
1.040000000000000036e+01 2.356775577775154784e-01
1.041999999999999993e+01 2.473114679616707223e-01
1.043999999999999950e+01 2.303794052964937833e-01
1.046000000000000085e+01 2.191748575083440620e-01
1.048000000000000043e+01 1.825621562884159610e-01
1.050000000000000000e+01 1.213135294443045686e-01
1.051999999999999957e+01 1.030011962967697925e-01
1.054000000000000092e+01 1.092893864297907885e-01
1.056000000000000050e+01 1.722102174158256505e-01
1.058000000000000007e+01 2.334381431602938206e-01
1.059999999999999964e+01 3.119055284147137508e-01
1.062000000000000099e+01 2.835641183967655410e-01
1.064000000000000057e+01 3.099830379609566089e-01
1.066000000000000014e+01 2.251058392935062213e-01
1.067999999999999972e+01 1.179002955648857237e-01
1.070000000000000107e+01 7.587318584003069355e-02
1.072000000000000064e+01 9.714984877822306630e-02
1.074000000000000021e+01 7.276863771514842372e-02
1.075999999999999979e+01 5.279020497635722453e-02
1.077999999999999936e+01 4.748245639140302038e-02
1.080000000000000071e+01 3.678493694539804876e-02
1.082000000000000028e+01 4.672113111729474938e-02
1.083999999999999986e+01 3.498553482184934421e-02
1.085999999999999943e+01 3.364127073583880051e-02
1.088000000000000078e+01 4.969673857486517354e-02
1.090000000000000036e+01 4.843766231209432893e-02
1.091999999999999993e+01 4.152923224674270192e-02
1.093999999999999950e+01 5.666874404570709789e-02
1.096000000000000085e+01 1.002007408160033031e-01
1.098000000000000043e+01 9.010971937480634353e-02
1.100000000000000000e+01 8.420966720065113653e-02
1.101999999999999957e+01 1.069436197215160034e-01
1.104000000000000092e+01 1.278265969482679509e-01
1.106000000000000050e+01 1.289733174638936497e-01
1.108000000000000007e+01 8.760825284684632674e-02
1.109999999999999964e+01 1.055418305225994252e-01
1.112000000000000099e+01 1.604258226066637427e-01
1.114000000000000057e+01 2.166455486431993482e-01
1.116000000000000014e+01 2.763156152954334699e-01
1.117999999999999972e+01 3.457115493505597548e-01
1.120000000000000107e+01 3.425254052619438605e-01
1.122000000000000064e+01 3.010886461570095318e-01
1.124000000000000021e+01 2.725110960475407018e-01
1.125999999999999979e+01 3.038347347186983183e-01
1.127999999999999936e+01 3.541038339914298616e-01
1.130000000000000071e+01 3.525108794526387035e-01
1.132000000000000028e+01 3.153163821515707066e-01
1.133999999999999986e+01 3.273212480684800640e-01
1.135999999999999943e+01 4.560895322288212039e-01
1.138000000000000078e+01 5.809755685196537067e-01
1.140000000000000036e+01 5.897282671506720586e-01
1.141999999999999993e+01 5.689937372195048582e-01
1.143999999999999950e+01 5.593401848442722812e-01
1.146000000000000085e+01 4.983589982179924549e-01
1.148000000000000043e+01 3.736480360658807065e-01
1.150000000000000000e+01 2.746661359194311203e-01
1.151999999999999957e+01 2.650759050198567279e-01
1.154000000000000092e+01 3.237955987685359749e-01
1.156000000000000050e+01 3.521957913982727284e-01
1.158000000000000007e+01 2.858921328131134865e-01
1.159999999999999964e+01 3.338829813401225088e-01
1.162000000000000099e+01 5.314218644871548936e-01
1.164000000000000057e+01 7.469923232436957994e-01
1.166000000000000014e+01 8.788505810435403021e-01
1.167999999999999972e+01 7.010993850571966002e-01
1.170000000000000107e+01 4.494650904263984281e-01
1.172000000000000064e+01 3.080640686377736914e-01
1.174000000000000021e+01 2.237094339166049717e-01
1.175999999999999979e+01 1.585541535184466222e-01
1.177999999999999936e+01 1.011529432991658400e-01
1.180000000000000071e+01 5.560324969150290397e-02
1.182000000000000028e+01 4.189493216924148472e-02
1.183999999999999986e+01 6.588285001642478489e-02
1.185999999999999943e+01 1.282760691109201823e-01
1.188000000000000078e+01 1.782161812966338854e-01
1.190000000000000036e+01 1.651799735594360885e-01
1.191999999999999993e+01 1.819736262659449599e-01
1.193999999999999950e+01 2.240076615821523509e-01
1.196000000000000085e+01 1.868737855930485414e-01
1.198000000000000043e+01 1.007220766682734581e-01
1.200000000000000000e+01 2.982459055577198898e-02
1.201999999999999957e+01 7.685039591996253514e-03
1.204000000000000092e+01 4.412460094257212272e-03
1.206000000000000050e+01 3.643061824318024385e-03
1.208000000000000007e+01 1.136909956048540865e-03
1.209999999999999964e+01 1.377111920165183072e-02
1.212000000000000099e+01 3.475391305288871857e-02
1.214000000000000057e+01 3.069296875195241803e-02
1.216000000000000014e+01 5.043383814982514701e-02
1.217999999999999972e+01 6.226691463419903316e-02
1.220000000000000107e+01 5.698872392279900195e-02
1.222000000000000064e+01 6.799465607333431139e-02
1.224000000000000021e+01 1.073297050279627962e-01
1.225999999999999979e+01 1.356969518143981146e-01
1.228000000000000114e+01 1.307887838713085171e-01
1.230000000000000071e+01 1.095050843037840976e-01
1.232000000000000028e+01 1.125072260438060995e-01
1.233999999999999986e+01 1.401653618826263492e-01
1.235999999999999943e+01 1.511452317725436034e-01
1.238000000000000078e+01 1.984501770018402556e-01
1.240000000000000036e+01 2.810639834962594397e-01
1.241999999999999993e+01 3.725519590255023661e-01
1.243999999999999950e+01 3.970311593773196424e-01
1.246000000000000085e+01 3.368088535789610649e-01
1.248000000000000043e+01 2.908480207574651311e-01
1.250000000000000000e+01 2.827844613830978737e-01
1.251999999999999957e+01 3.174116998375779430e-01
1.254000000000000092e+01 3.299105955474075369e-01
1.256000000000000050e+01 3.066811858719590833e-01
1.258000000000000007e+01 2.582601611582845402e-01
1.259999999999999964e+01 2.053943566438801160e-01
1.262000000000000099e+01 2.073793984357719111e-01
1.264000000000000057e+01 2.511867543755526011e-01
1.266000000000000014e+01 3.597153346790192274e-01
1.267999999999999972e+01 4.830954014230371407e-01
1.270000000000000107e+01 5.952437855557612956e-01
1.272000000000000064e+01 6.390677629255897552e-01
1.274000000000000021e+01 6.184195444426725530e-01
1.275999999999999979e+01 5.266769530872312810e-01
1.278000000000000114e+01 4.532515166431205222e-01
1.280000000000000071e+01 3.995529446434752940e-01
1.282000000000000028e+01 3.198888075664227948e-01
1.283999999999999986e+01 2.525026003624393223e-01
1.285999999999999943e+01 2.584310779212583564e-01
1.288000000000000078e+01 3.008526072968362719e-01
1.290000000000000036e+01 2.996771186982368218e-01
1.291999999999999993e+01 3.386577282185406768e-01
1.293999999999999950e+01 3.903445854264781523e-01
1.296000000000000085e+01 4.272298347649729489e-01
1.298000000000000043e+01 3.840287748898550957e-01
1.300000000000000000e+01 3.317059547739893421e-01
1.301999999999999957e+01 3.066534525996224558e-01
1.304000000000000092e+01 2.583743106509060472e-01
1.306000000000000050e+01 2.217144230305777841e-01
1.308000000000000007e+01 1.905036024423656382e-01
1.309999999999999964e+01 1.953939922135763119e-01
1.312000000000000099e+01 2.396426887411968465e-01
1.314000000000000057e+01 2.260127407091317708e-01
1.316000000000000014e+01 1.457761229050099916e-01
1.317999999999999972e+01 9.686624760617970620e-02
1.320000000000000107e+01 1.072590240610707818e-01
1.322000000000000064e+01 1.017369056433783114e-01
1.324000000000000021e+01 8.621797555670092372e-02
1.325999999999999979e+01 7.695399903086583282e-02
1.328000000000000114e+01 7.514741565225697972e-02
1.330000000000000071e+01 3.815069829208624780e-02
1.332000000000000028e+01 1.242194795270358532e-02
1.333999999999999986e+01 1.346799227941578372e-02
1.335999999999999943e+01 2.182161689520186604e-02
1.338000000000000078e+01 5.587667273177638477e-02
1.340000000000000036e+01 2.745584595242923226e-02
1.341999999999999993e+01 3.901605117907436249e-03
1.343999999999999950e+01 9.712489361181436687e-03
1.346000000000000085e+01 2.612398065066111330e-02
1.348000000000000043e+01 2.286474804535113328e-02
1.350000000000000000e+01 3.710453995652811254e-02
1.351999999999999957e+01 5.232352365774665254e-02
1.354000000000000092e+01 7.461507548110207777e-02
1.356000000000000050e+01 1.399986986699770231e-01
1.358000000000000007e+01 1.801413094179222518e-01
1.359999999999999964e+01 1.671794748316740575e-01
1.362000000000000099e+01 1.653770538226758680e-01
1.364000000000000057e+01 2.070828104309923590e-01
1.366000000000000014e+01 2.151793202348764866e-01
1.367999999999999972e+01 1.625642704311285325e-01
1.370000000000000107e+01 1.358805339945649560e-01
1.372000000000000064e+01 1.582767986393410486e-01
1.374000000000000021e+01 1.814817331791030997e-01
1.375999999999999979e+01 1.784145950635352695e-01
1.378000000000000114e+01 1.986152315842925620e-01
1.380000000000000071e+01 2.283545655433778521e-01
1.382000000000000028e+01 2.448018038409465746e-01
1.383999999999999986e+01 2.802474349684602184e-01
1.385999999999999943e+01 3.612192914303425373e-01
1.388000000000000078e+01 4.717574885942264484e-01
1.390000000000000036e+01 5.538654880620779153e-01
1.391999999999999993e+01 5.207512753053603616e-01
1.393999999999999950e+01 4.302175079144114900e-01
1.396000000000000085e+01 3.732545140057957900e-01
1.398000000000000043e+01 3.517956679807145992e-01
1.400000000000000000e+01 3.752073157311007212e-01
1.401999999999999957e+01 4.269197923472419776e-01
1.404000000000000092e+01 4.965100523426248524e-01
1.406000000000000050e+01 5.814175384755830844e-01
1.408000000000000007e+01 6.552373289608389717e-01
1.409999999999999964e+01 6.282967034295895425e-01
1.412000000000000099e+01 4.946241723029096149e-01
1.414000000000000057e+01 3.782272552665891241e-01
1.416000000000000014e+01 3.277335953532489188e-01
1.417999999999999972e+01 3.168597356496300477e-01
1.420000000000000107e+01 3.235153418842962592e-01
1.422000000000000064e+01 3.847516565956420331e-01
1.424000000000000021e+01 4.581473034773391184e-01
1.425999999999999979e+01 5.112825324852365849e-01
1.428000000000000114e+01 5.589514612140298322e-01
1.430000000000000071e+01 5.573674170096828417e-01
1.432000000000000028e+01 5.019596666939865059e-01
1.433999999999999986e+01 4.256266113413816887e-01
1.435999999999999943e+01 3.693139555630307602e-01
1.438000000000000078e+01 2.927045770263577151e-01
1.440000000000000036e+01 2.353209418220555960e-01
1.441999999999999993e+01 2.142973054780784592e-01
1.443999999999999950e+01 2.023706057695090210e-01
1.446000000000000085e+01 2.020594869322159259e-01
1.448000000000000043e+01 1.909145778368332436e-01
1.450000000000000000e+01 1.801061605404549459e-01
1.451999999999999957e+01 1.790748897735957024e-01
1.454000000000000092e+01 1.585397506450131888e-01
1.456000000000000050e+01 1.220534157037497652e-01
1.458000000000000007e+01 9.679923982011343075e-02
1.459999999999999964e+01 5.983182157366061238e-02
1.462000000000000099e+01 3.399366705964730617e-02
1.464000000000000057e+01 3.274915857557986199e-02
1.466000000000000014e+01 4.993135507079921043e-02
1.467999999999999972e+01 6.581983685507564186e-02
1.470000000000000107e+01 5.934299456115907367e-02
1.472000000000000064e+01 3.679009841420620430e-02
1.474000000000000021e+01 3.878918394756775134e-02
1.475999999999999979e+01 5.571364963994322739e-02
1.478000000000000114e+01 7.022128853177529717e-02
1.480000000000000071e+01 6.884494721682485330e-02
1.482000000000000028e+01 6.855671052920937758e-02
1.483999999999999986e+01 1.010057835934385639e-01
1.485999999999999943e+01 1.439615483789076222e-01
1.488000000000000078e+01 1.523156637409462388e-01
1.490000000000000036e+01 1.212375535742574867e-01
1.491999999999999993e+01 7.134885460229795084e-02
1.493999999999999950e+01 6.297807780018579993e-02
1.496000000000000085e+01 8.627965686992078442e-02
1.498000000000000043e+01 1.281090254670879669e-01
1.500000000000000000e+01 2.064046157044414354e-01
1.501999999999999957e+01 3.033483514336426934e-01
1.504000000000000092e+01 3.434797200270215400e-01
1.506000000000000050e+01 2.653571539784485012e-01
1.508000000000000007e+01 1.812764561809080410e-01
1.509999999999999964e+01 1.390686942317175545e-01
1.512000000000000099e+01 1.733764364132229507e-01
1.514000000000000057e+01 2.719769398904331448e-01
1.516000000000000014e+01 2.896788553822179368e-01
1.517999999999999972e+01 2.286344408634100878e-01
1.520000000000000107e+01 2.188243033964167306e-01
1.522000000000000064e+01 2.905011363209819564e-01
1.524000000000000021e+01 3.935866446298433852e-01
1.525999999999999979e+01 4.670183910365465207e-01
1.528000000000000114e+01 5.378216793500412152e-01
1.530000000000000071e+01 5.746132028994982432e-01
1.532000000000000028e+01 5.693410946535323314e-01
1.533999999999999986e+01 5.866980730912516595e-01
1.535999999999999943e+01 6.208415745327449109e-01
1.538000000000000078e+01 6.064606146190454350e-01
1.540000000000000036e+01 5.914538435724990828e-01
1.541999999999999993e+01 6.407815348071147499e-01
1.543999999999999950e+01 7.296886599370816517e-01
1.546000000000000085e+01 6.427404957043449940e-01
1.548000000000000043e+01 4.750502668226825320e-01
1.550000000000000000e+01 4.642181051149359972e-01
1.551999999999999957e+01 5.259418530951983639e-01
1.554000000000000092e+01 5.300619010403480047e-01
1.556000000000000050e+01 4.107354038022891229e-01
1.558000000000000007e+01 3.326247693046607834e-01
1.559999999999999964e+01 3.544301565738920412e-01
1.562000000000000099e+01 4.150818645679399399e-01
1.564000000000000057e+01 3.991523742499029637e-01
1.566000000000000014e+01 3.224327100880609032e-01
1.567999999999999972e+01 2.677502563601258934e-01
1.570000000000000107e+01 2.072596916127014133e-01
1.572000000000000064e+01 1.542970624895814435e-01
1.574000000000000021e+01 1.397902095090425012e-01
1.575999999999999979e+01 1.422037251586997786e-01
1.578000000000000114e+01 1.153178088287835079e-01
1.580000000000000071e+01 8.234629159965758949e-02
1.582000000000000028e+01 4.382479377528811920e-02
1.583999999999999986e+01 2.076941970167143700e-02
1.586000000000000121e+01 2.302794321426966315e-02
1.588000000000000078e+01 2.983768968280411937e-02
1.590000000000000036e+01 2.460090622537135577e-02
1.591999999999999993e+01 2.178154951504041037e-02
1.593999999999999950e+01 3.296345093554647887e-02
1.596000000000000085e+01 2.349959573950998609e-02
1.598000000000000043e+01 1.558304718586378881e-02
1.600000000000000000e+01 2.974013143990990315e-02
1.601999999999999957e+01 6.216903390797125228e-02
1.603999999999999915e+01 5.681791187515731339e-02
1.605999999999999872e+01 1.379783009911889069e-02
1.608000000000000185e+01 5.915254118985105621e-03
1.610000000000000142e+01 2.731958960737489173e-03
1.612000000000000099e+01 1.008505707204448987e-02
1.614000000000000057e+01 2.422131770190530733e-02
1.616000000000000014e+01 5.845678092609483956e-02
1.617999999999999972e+01 1.005910222163226425e-01
1.619999999999999929e+01 1.114005999384799078e-01
1.621999999999999886e+01 9.930804974128966400e-02
1.624000000000000199e+01 9.192631789574175205e-02
1.626000000000000156e+01 5.780160736553301842e-02
1.628000000000000114e+01 2.623675306614095884e-02
1.630000000000000071e+01 2.352044934363307221e-02
1.632000000000000028e+01 7.996597033888112882e-02
1.633999999999999986e+01 1.527597119493493694e-01
1.635999999999999943e+01 1.706237164545025831e-01
1.637999999999999901e+01 1.902909430271816082e-01
1.639999999999999858e+01 2.643975383086620279e-01
1.642000000000000171e+01 3.533424486174528423e-01
1.644000000000000128e+01 3.552087453508290804e-01
1.646000000000000085e+01 3.531119902462221960e-01
1.648000000000000043e+01 3.914823800980242741e-01
1.650000000000000000e+01 3.785912284109173020e-01
1.651999999999999957e+01 2.799411615999653491e-01
1.653999999999999915e+01 1.943594127908702396e-01
1.655999999999999872e+01 2.091543079535365390e-01
1.658000000000000185e+01 3.052860387098407791e-01
1.660000000000000142e+01 4.501917302019574629e-01
1.662000000000000099e+01 5.773064523788214997e-01
1.664000000000000057e+01 6.558818032079600790e-01
1.666000000000000014e+01 7.151419307511123202e-01
1.667999999999999972e+01 7.223996215740416948e-01
1.669999999999999929e+01 7.098059941012595520e-01
1.671999999999999886e+01 6.728696594569132383e-01
1.674000000000000199e+01 6.312930392237211530e-01
1.676000000000000156e+01 5.754472870148052976e-01
1.678000000000000114e+01 5.021501421736670467e-01
1.680000000000000071e+01 4.414934917375837320e-01
1.682000000000000028e+01 4.378949048529754973e-01
1.683999999999999986e+01 5.140978897997392494e-01
1.685999999999999943e+01 5.469024052483750786e-01
1.687999999999999901e+01 4.900592111706969511e-01
1.689999999999999858e+01 4.436536159294748316e-01
1.692000000000000171e+01 3.843088122735462409e-01
1.694000000000000128e+01 2.704999058815898971e-01
1.696000000000000085e+01 2.300146490484299699e-01
1.698000000000000043e+01 2.320787556815561703e-01
1.700000000000000000e+01 2.387497978920574970e-01
1.701999999999999957e+01 1.747349597911967423e-01
1.703999999999999915e+01 1.040464661934365764e-01
1.705999999999999872e+01 7.225443834068433213e-02
1.708000000000000185e+01 6.127231678316188285e-02
1.710000000000000142e+01 4.621666618056557985e-02
1.712000000000000099e+01 3.448536884151651161e-02
1.714000000000000057e+01 6.505589348549839501e-02
1.716000000000000014e+01 8.160983447391559342e-02
1.717999999999999972e+01 7.760447920040422498e-02
1.719999999999999929e+01 3.863470873375701026e-02
1.721999999999999886e+01 1.495821464115663565e-02
1.724000000000000199e+01 1.479257107584604040e-02
1.726000000000000156e+01 1.436898020772578444e-02
1.728000000000000114e+01 1.462080232369894137e-02
1.730000000000000071e+01 1.253880051619708433e-02
1.732000000000000028e+01 2.675720070369381684e-02
1.733999999999999986e+01 4.520957865310470947e-02
1.735999999999999943e+01 6.636715202948784142e-02
1.737999999999999901e+01 5.879018561305252716e-02
1.740000000000000213e+01 6.369168322263160653e-02
1.742000000000000171e+01 9.316337784678782596e-02
1.744000000000000128e+01 1.132318555958234940e-01
1.746000000000000085e+01 9.150203262208789212e-02
1.748000000000000043e+01 6.588867867036060644e-02
1.750000000000000000e+01 5.097101930095421923e-02
1.751999999999999957e+01 4.372717578127198468e-02
1.753999999999999915e+01 6.148584452003419409e-02
1.755999999999999872e+01 1.162109670565006081e-01
1.758000000000000185e+01 1.616973623971665608e-01
1.760000000000000142e+01 1.567178788923517530e-01
1.762000000000000099e+01 1.580055727905932961e-01
1.764000000000000057e+01 2.007412820023471989e-01
1.766000000000000014e+01 2.657037813780729896e-01
1.767999999999999972e+01 2.244909192371002116e-01
1.769999999999999929e+01 1.646686298342138199e-01
1.771999999999999886e+01 1.488175948708658491e-01
1.774000000000000199e+01 2.223264390166166948e-01
1.776000000000000156e+01 2.971776130664912641e-01
1.778000000000000114e+01 3.417042775278328337e-01
1.780000000000000071e+01 3.031873446220487711e-01
1.782000000000000028e+01 2.649903425818051494e-01
1.783999999999999986e+01 2.828265107596967809e-01
1.785999999999999943e+01 3.590156015737340778e-01
1.787999999999999901e+01 3.689812539717507445e-01
1.790000000000000213e+01 3.189870193030063805e-01
1.792000000000000171e+01 3.720439730962081248e-01
1.794000000000000128e+01 4.703215697432787668e-01
1.796000000000000085e+01 5.533791213831240619e-01
1.798000000000000043e+01 5.892141038743379244e-01
1.800000000000000000e+01 5.672240416789803286e-01
1.801999999999999957e+01 5.396411552219899654e-01
1.803999999999999915e+01 5.560890127140345474e-01
1.805999999999999872e+01 5.144064370983278955e-01
1.808000000000000185e+01 4.798072771835528161e-01
1.810000000000000142e+01 4.890474601599878457e-01
1.812000000000000099e+01 4.723570452986368129e-01
1.814000000000000057e+01 4.708735233993371905e-01
1.816000000000000014e+01 5.082636103711470899e-01
1.817999999999999972e+01 5.007467673135888031e-01
1.819999999999999929e+01 4.360444848052436595e-01
1.821999999999999886e+01 3.818239273461941363e-01
1.824000000000000199e+01 3.204103563233058338e-01
1.826000000000000156e+01 2.417853884329858039e-01
1.828000000000000114e+01 2.204451519299663043e-01
1.830000000000000071e+01 2.050161269197805503e-01
1.832000000000000028e+01 1.403076130087369533e-01
1.833999999999999986e+01 8.113210454995659071e-02
1.835999999999999943e+01 4.744183318979426633e-02
1.837999999999999901e+01 4.504275103337108954e-02
1.840000000000000213e+01 4.007194358083684960e-02
1.842000000000000171e+01 2.684798637072052449e-02
1.844000000000000128e+01 3.499033711138552216e-02
1.846000000000000085e+01 4.933433936599731368e-02
1.848000000000000043e+01 5.597569844855648791e-02
1.850000000000000000e+01 3.419389367664248808e-02
1.851999999999999957e+01 4.620313375776709253e-02
1.853999999999999915e+01 3.689233099018723178e-02
1.855999999999999872e+01 2.611615283374418839e-02
1.858000000000000185e+01 1.859354519446558204e-02
1.860000000000000142e+01 9.258236499912543202e-03
1.862000000000000099e+01 5.210566312036928223e-03
1.864000000000000057e+01 6.048571862623914122e-03
1.866000000000000014e+01 3.506234200585421970e-03
1.867999999999999972e+01 1.268263170727876830e-02
1.869999999999999929e+01 4.637833870267508984e-02
1.871999999999999886e+01 4.940498618383608320e-02
1.874000000000000199e+01 2.283114411652513789e-02
1.876000000000000156e+01 9.516644869535262688e-03
1.878000000000000114e+01 1.378525420902972261e-02
1.880000000000000071e+01 5.048394437691113706e-02
1.882000000000000028e+01 9.471641725721062499e-02
1.883999999999999986e+01 8.168069034820001073e-02
1.885999999999999943e+01 5.664942006661918134e-02
1.887999999999999901e+01 3.417627651294209701e-02
1.890000000000000213e+01 3.307640878083906860e-02
1.892000000000000171e+01 9.969834848718353570e-02
1.894000000000000128e+01 2.082337072584411752e-01
1.896000000000000085e+01 3.038656421655384077e-01
1.898000000000000043e+01 3.630617011659641458e-01
1.900000000000000000e+01 4.258818297066450098e-01
1.901999999999999957e+01 4.538968724332791416e-01
1.903999999999999915e+01 4.717306240290178310e-01
1.905999999999999872e+01 4.546651287790274831e-01
1.908000000000000185e+01 3.555688615491998106e-01
1.910000000000000142e+01 3.358790832781615165e-01
1.912000000000000099e+01 4.068818121502283391e-01
1.914000000000000057e+01 4.431876956446082483e-01
1.916000000000000014e+01 4.466332929822680042e-01
1.917999999999999972e+01 4.224027833746443195e-01
1.919999999999999929e+01 4.324041680714232339e-01
1.921999999999999886e+01 4.888331369651071068e-01
1.924000000000000199e+01 4.337490700422820811e-01
1.926000000000000156e+01 3.734064837000339865e-01
1.928000000000000114e+01 3.452327948043800721e-01
1.930000000000000071e+01 3.196737013146165873e-01
1.932000000000000028e+01 2.740235351701834077e-01
1.933999999999999986e+01 2.611587283485451993e-01
1.935999999999999943e+01 3.003399241491067628e-01
1.937999999999999901e+01 3.616909982949358948e-01
1.940000000000000213e+01 3.002142624176468710e-01
1.942000000000000171e+01 2.313877790400440670e-01
1.944000000000000128e+01 1.983096677864665258e-01
1.946000000000000085e+01 2.639319701178183264e-01
1.948000000000000043e+01 2.501414786080202735e-01
1.950000000000000000e+01 2.019735378919579882e-01
1.951999999999999957e+01 1.452798001744735334e-01
1.953999999999999915e+01 1.016365034587015520e-01
1.955999999999999872e+01 5.859002221427408313e-02
1.958000000000000185e+01 3.349126858470168749e-02
1.960000000000000142e+01 1.647902477808873764e-02
1.962000000000000099e+01 8.788342117340608786e-03
1.964000000000000057e+01 6.442596531013988943e-03
1.966000000000000014e+01 1.185365122966347898e-02
1.967999999999999972e+01 3.007305389402519305e-02
1.969999999999999929e+01 1.232344993644975649e-02
1.971999999999999886e+01 9.913849655448066234e-03
1.974000000000000199e+01 1.289515749515925819e-02
1.976000000000000156e+01 1.533688242111153240e-02
1.978000000000000114e+01 1.442218974419275969e-02
1.980000000000000071e+01 9.480599820317431314e-03
1.982000000000000028e+01 1.513049626476034408e-02
1.983999999999999986e+01 1.063445584609413325e-02
1.985999999999999943e+01 2.110519392056674215e-02
1.987999999999999901e+01 1.064119333782283759e-02
1.990000000000000213e+01 7.187727301697705538e-03
1.992000000000000171e+01 1.375574137330193465e-02
1.994000000000000128e+01 3.504080258457734770e-02
1.996000000000000085e+01 6.353739726349141859e-02
1.998000000000000043e+01 6.845626941291504952e-02
2.000000000000000000e+01 6.491783032643413942e-02
2.001999999999999957e+01 4.635184201184797820e-02
2.003999999999999915e+01 6.101303853489767337e-02
2.005999999999999872e+01 1.237158488923780636e-01
2.008000000000000185e+01 1.613689648944667820e-01
2.010000000000000142e+01 1.457813645171662231e-01
2.012000000000000099e+01 1.243029745944118636e-01
2.014000000000000057e+01 1.190282982782835952e-01
2.016000000000000014e+01 1.165762489184775791e-01
2.017999999999999972e+01 1.267528167942706119e-01
2.019999999999999929e+01 1.621960468401895117e-01
2.021999999999999886e+01 2.141905443045128976e-01
2.024000000000000199e+01 2.766398650847668450e-01
2.026000000000000156e+01 3.208120062182365784e-01
2.028000000000000114e+01 3.084523099400894308e-01
2.030000000000000071e+01 3.278714572821653794e-01
2.032000000000000028e+01 4.295729863025070094e-01
2.033999999999999986e+01 4.519713302173368197e-01
2.035999999999999943e+01 3.641586221443786076e-01
2.037999999999999901e+01 3.022278124006340660e-01
2.040000000000000213e+01 3.114813229414182261e-01
2.042000000000000171e+01 3.051038738856006183e-01
2.044000000000000128e+01 3.537629178317137080e-01
2.046000000000000085e+01 4.933537205170203110e-01
2.048000000000000043e+01 5.986687160917665285e-01
2.050000000000000000e+01 4.684560577215608479e-01
2.051999999999999957e+01 3.235344954241379800e-01
2.053999999999999915e+01 2.926458949280059674e-01
2.055999999999999872e+01 3.272920925232154499e-01
2.058000000000000185e+01 3.429389263621344663e-01
2.060000000000000142e+01 3.282976004578144757e-01
2.062000000000000099e+01 3.129554975637618974e-01
2.064000000000000057e+01 3.148546215534710480e-01
2.066000000000000014e+01 2.854077257115618660e-01
2.067999999999999972e+01 2.511811251802675282e-01
2.069999999999999929e+01 2.236511202386293196e-01
2.071999999999999886e+01 1.591765742194651834e-01
2.074000000000000199e+01 9.805020110633028141e-02
2.076000000000000156e+01 1.054952743120179809e-01
2.078000000000000114e+01 1.633818975238504334e-01
2.080000000000000071e+01 1.918141625574326659e-01
2.082000000000000028e+01 1.794531394720753625e-01
2.083999999999999986e+01 1.414705099423675672e-01
2.085999999999999943e+01 1.133983434786125788e-01
2.087999999999999901e+01 1.067744655789576724e-01
2.090000000000000213e+01 1.011655964628559445e-01
2.092000000000000171e+01 7.940793972481421936e-02
2.094000000000000128e+01 7.598942022485474790e-02
2.096000000000000085e+01 1.085054344048378278e-01
2.098000000000000043e+01 1.225282109561234983e-01
2.100000000000000000e+01 1.533306684803244502e-01
2.101999999999999957e+01 1.371829737981518360e-01
2.103999999999999915e+01 9.196119132913516125e-02
2.105999999999999872e+01 6.752276195626968902e-02
2.108000000000000185e+01 6.517279730270485183e-02
2.110000000000000142e+01 8.205998589027861667e-02
2.112000000000000099e+01 4.979450198429569846e-02
2.114000000000000057e+01 2.576591592944690173e-02
2.116000000000000014e+01 1.035240678443131480e-02
2.117999999999999972e+01 4.339234456296695713e-03
2.119999999999999929e+01 1.149163228607551386e-02
2.121999999999999886e+01 1.968057302692468105e-02
2.124000000000000199e+01 2.140101598951728648e-02
2.126000000000000156e+01 2.311496062537636564e-02
2.128000000000000114e+01 3.948430392691432145e-02
2.130000000000000071e+01 5.097356530564003257e-02
2.132000000000000028e+01 6.397091042218897017e-02
2.133999999999999986e+01 1.024910178282716910e-01
2.135999999999999943e+01 1.708731008172947596e-01
2.137999999999999901e+01 2.116440504536331868e-01
2.140000000000000213e+01 2.328683679827950048e-01
2.142000000000000171e+01 2.914498856330127174e-01
2.144000000000000128e+01 3.309013076637058459e-01
2.146000000000000085e+01 3.567588052032761858e-01
2.148000000000000043e+01 3.927194994259581851e-01
2.150000000000000000e+01 4.369275747397663445e-01
2.151999999999999957e+01 3.933910359041937199e-01
2.153999999999999915e+01 2.636595690821121329e-01
2.155999999999999872e+01 1.556491116692728938e-01
2.158000000000000185e+01 1.956992987100862891e-01
2.160000000000000142e+01 3.302779043973173012e-01
2.162000000000000099e+01 4.700404703577329424e-01
2.164000000000000057e+01 5.393342042157830418e-01
2.166000000000000014e+01 4.942945071441777194e-01
2.167999999999999972e+01 3.496003463087302698e-01
2.169999999999999929e+01 2.627455270663794362e-01
2.171999999999999886e+01 3.288758344535833711e-01
2.174000000000000199e+01 4.797920482556994881e-01
2.176000000000000156e+01 5.070334506223955762e-01
2.178000000000000114e+01 4.477932918281870012e-01
2.180000000000000071e+01 3.192741338523681360e-01
2.182000000000000028e+01 1.676217613124867389e-01
2.183999999999999986e+01 1.346085553564863313e-01
2.185999999999999943e+01 2.166429155450857458e-01
2.187999999999999901e+01 3.446839366771045632e-01
2.190000000000000213e+01 4.379968858901999162e-01
2.192000000000000171e+01 4.279144191212359005e-01
2.194000000000000128e+01 4.386744800788248688e-01
2.196000000000000085e+01 4.675182290324008116e-01
2.198000000000000043e+01 3.789030495865430836e-01
2.200000000000000000e+01 2.686491593728908001e-01
2.201999999999999957e+01 2.421126712877162412e-01
2.203999999999999915e+01 2.866581746283152765e-01
2.205999999999999872e+01 2.120135170643679401e-01
2.208000000000000185e+01 2.003149205865623617e-01
2.210000000000000142e+01 2.452631912029006322e-01
2.212000000000000099e+01 2.536466097166261702e-01
2.214000000000000057e+01 1.558843934126294128e-01
2.216000000000000014e+01 9.148019458462940123e-02
2.217999999999999972e+01 5.780679991594542960e-02
2.219999999999999929e+01 5.620816686649920957e-02
2.221999999999999886e+01 7.344823617763988899e-02
2.224000000000000199e+01 9.485224515656016930e-02
2.226000000000000156e+01 1.218890780806672763e-01
2.228000000000000114e+01 1.580766127625155004e-01
2.230000000000000071e+01 1.773463788586561174e-01
2.232000000000000028e+01 1.833329054202136321e-01
2.233999999999999986e+01 1.785108402606223610e-01
2.235999999999999943e+01 1.489579122072136053e-01
2.237999999999999901e+01 1.335471202313701089e-01
2.240000000000000213e+01 1.250751819867999548e-01
2.242000000000000171e+01 1.619955220791741146e-01
2.244000000000000128e+01 1.775323354409354404e-01
2.246000000000000085e+01 1.570732303301018429e-01
2.248000000000000043e+01 1.253652821733559353e-01
2.250000000000000000e+01 1.004299691301710901e-01
2.251999999999999957e+01 1.040186945618381265e-01
2.253999999999999915e+01 8.323236986893857436e-02
2.255999999999999872e+01 1.293904817502356808e-01
2.258000000000000185e+01 1.942896313542430420e-01
2.260000000000000142e+01 1.907464835711445705e-01
2.262000000000000099e+01 2.483086635263341280e-01
2.264000000000000057e+01 1.385424622067032707e-01
2.266000000000000014e+01 9.765185081878860474e-02
2.267999999999999972e+01 2.005485465244823129e-01
2.269999999999999929e+01 3.841018346712123388e-01
2.271999999999999886e+01 4.906138622239056279e-01
2.274000000000000199e+01 5.794895730039920645e-01
2.276000000000000156e+01 6.641058707969305086e-01
2.278000000000000114e+01 6.793309233404055680e-01
2.280000000000000071e+01 7.667021767697024259e-01
2.282000000000000028e+01 8.010665474158104038e-01
2.283999999999999986e+01 7.407061311587690433e-01
2.285999999999999943e+01 6.711845409143744057e-01
2.287999999999999901e+01 6.689479167850885810e-01
2.290000000000000213e+01 6.864783541876372519e-01
2.292000000000000171e+01 5.790832818752154054e-01
2.294000000000000128e+01 5.033400357407409320e-01
2.296000000000000085e+01 4.642204495065119785e-01
2.298000000000000043e+01 4.357556390524839895e-01
2.300000000000000000e+01 4.037303891790112731e-01
2.301999999999999957e+01 3.577924546064379374e-01
2.303999999999999915e+01 3.945420291552069747e-01
2.305999999999999872e+01 4.133355048030789014e-01
2.308000000000000185e+01 3.607723881080523998e-01
2.310000000000000142e+01 2.657191003756539383e-01
2.312000000000000099e+01 2.008496724461796556e-01
2.314000000000000057e+01 2.410080877008168865e-01
2.316000000000000014e+01 2.207300107669482592e-01
2.317999999999999972e+01 1.558784815482167074e-01
2.319999999999999929e+01 1.248362848626393962e-01
2.321999999999999886e+01 1.290266843657186802e-01
2.324000000000000199e+01 1.279169444336397399e-01
2.326000000000000156e+01 1.695043528365778596e-01
2.328000000000000114e+01 2.079900792795737197e-01
2.330000000000000071e+01 2.358791718249000913e-01
2.332000000000000028e+01 2.380016002532812092e-01
2.333999999999999986e+01 1.811598626256829547e-01
2.335999999999999943e+01 1.166299867923682038e-01
2.337999999999999901e+01 1.532718550008993763e-01
2.340000000000000213e+01 2.469427110645239787e-01
2.342000000000000171e+01 3.222428035608932984e-01
2.344000000000000128e+01 2.479062275374670499e-01
2.346000000000000085e+01 1.447990395658551310e-01
2.348000000000000043e+01 1.163077025026078293e-01
2.350000000000000000e+01 1.307756688262554645e-01
2.351999999999999957e+01 1.477393552236369312e-01
2.353999999999999915e+01 1.363020410820365569e-01
2.355999999999999872e+01 1.360642786081582012e-01
2.358000000000000185e+01 1.270555312745627052e-01
2.360000000000000142e+01 1.444018432563101140e-01
2.362000000000000099e+01 2.091051542487023518e-01
2.364000000000000057e+01 2.509453835913904585e-01
2.366000000000000014e+01 2.108117336385361973e-01
2.367999999999999972e+01 1.385902727658852585e-01
2.369999999999999929e+01 9.516240839691902931e-02
2.371999999999999886e+01 1.022772625162723242e-01
2.374000000000000199e+01 1.794052136853842572e-01
2.376000000000000156e+01 2.313901008849107432e-01
2.378000000000000114e+01 1.919966980862573003e-01
2.380000000000000071e+01 1.193922373130896358e-01
2.382000000000000028e+01 1.021268428023998642e-01
2.383999999999999986e+01 1.548588768680524974e-01
2.385999999999999943e+01 2.244126892642404614e-01
2.387999999999999901e+01 2.574923224782683095e-01
2.390000000000000213e+01 2.274384296304974573e-01
2.392000000000000171e+01 2.397162290360695114e-01
2.394000000000000128e+01 2.787532039879929147e-01
2.396000000000000085e+01 3.422695476871870368e-01
2.398000000000000043e+01 4.605299819101166259e-01
2.400000000000000000e+01 4.588238086369662572e-01
2.401999999999999957e+01 2.845704116123355387e-01
2.403999999999999915e+01 2.192758213742237450e-01
2.406000000000000227e+01 3.022896933355194715e-01
2.408000000000000185e+01 4.470797214690040988e-01
2.410000000000000142e+01 4.665804310328119930e-01
2.412000000000000099e+01 3.723542601935133645e-01
2.414000000000000057e+01 2.316389032178106100e-01
2.416000000000000014e+01 1.933772586998350751e-01
2.417999999999999972e+01 2.621246661068143968e-01
2.419999999999999929e+01 3.873477356999978083e-01
2.421999999999999886e+01 4.310728430471777450e-01
2.424000000000000199e+01 3.672421257745145384e-01
2.426000000000000156e+01 3.023514430134995323e-01
2.428000000000000114e+01 3.150007573279302031e-01
2.430000000000000071e+01 2.810417506652425623e-01
2.432000000000000028e+01 2.678556686121165709e-01
2.433999999999999986e+01 3.144182007364224596e-01
2.435999999999999943e+01 3.272410798869523907e-01
2.437999999999999901e+01 2.516889845856666308e-01
2.440000000000000213e+01 1.260246664728343347e-01
2.442000000000000171e+01 6.873097365915256662e-02
2.444000000000000128e+01 7.961714891865284693e-02
2.446000000000000085e+01 1.494942956784558186e-01
2.448000000000000043e+01 2.235049366405218729e-01
2.450000000000000000e+01 1.933701396343482093e-01
2.451999999999999957e+01 1.695897347543525724e-01
2.453999999999999915e+01 1.708784340270081969e-01
2.456000000000000227e+01 1.546135983648331547e-01
2.458000000000000185e+01 1.282476415121228952e-01
2.460000000000000142e+01 8.491185080329186063e-02
2.462000000000000099e+01 9.521240413696119287e-02
2.464000000000000057e+01 1.292686239272218818e-01
2.466000000000000014e+01 1.340919601686526297e-01
2.467999999999999972e+01 1.270142267058551044e-01
2.469999999999999929e+01 8.708933363513340908e-02
2.471999999999999886e+01 8.188514418854928034e-02
2.474000000000000199e+01 1.302518777368088521e-01
2.476000000000000156e+01 1.444891725759554213e-01
2.478000000000000114e+01 1.116066949379231482e-01
2.480000000000000071e+01 1.036939995218415234e-01
2.482000000000000028e+01 1.438219809485109246e-01
2.483999999999999986e+01 2.116772837023991327e-01
2.485999999999999943e+01 2.582625661068164158e-01
2.487999999999999901e+01 2.658459176906415866e-01
2.490000000000000213e+01 2.274249636710675426e-01
2.492000000000000171e+01 1.525692788140695366e-01
2.494000000000000128e+01 1.395593381751127626e-01
2.496000000000000085e+01 1.523444668671978808e-01
2.498000000000000043e+01 2.056514199250387698e-01
2.500000000000000000e+01 2.816109241472982139e-01
